Source.Name,conversation_id_str,created_at,favorite_count,full_text,id_str,image_url,in_reply_to_screen_name,lang,location,quote_count,reply_count,retweet_count,tweet_url,user_id_str,username
kurikulum-baru_1.csv,1.92445E+18,Mon May 19 12:42:34 +0000 2025,0,@araaasar WKWKWK STOP LUCU PLSS ,1.92445E+18,,araaasar,in,,0,1,0,https://x.com/undefined/status/1924445576109891985,1.56956E+18,
kurikulum-baru_1.csv,1.92445E+18,Mon May 19 12:56:07 +0000 2025,0,@araaasar lucu trs traumanya apa kak,1.92445E+18,,araaasar,in,,0,1,0,https://x.com/undefined/status/1924448988243333394,1.56946E+18,
kurikulum-baru_1.csv,1.92445E+18,Mon May 19 13:14:20 +0000 2025,0,@araaasar KAK!? ,1.92445E+18,,araaasar,und,,0,1,0,https://x.com/undefined/status/1924453569895579687,1.58763E+18,
kurikulum-baru_1.csv,1.92445E+18,Mon May 19 13:43:23 +0000 2025,0,@araaasar Kakkk semangattt yaaa,1.92446E+18,,araaasar,in,,0,1,0,https://x.com/undefined/status/1924460880286322763,1.87374E+18,
kurikulum-baru_1.csv,1.92445E+18,Mon May 19 14:49:14 +0000 2025,0,@araaasar kamu tuh ambil prodi guru ya?? mukanha vibes mbak2 pns guru anak esdeh yang bicaranya lemah lembut,1.92448E+18,,araaasar,in,,0,1,0,https://x.com/undefined/status/1924477453952745929,1.34924E+18,
kurikulum-baru_1.csv,1.92445E+18,Mon May 19 12:49:17 +0000 2025,0,@araaasar Stressnya nembus layar,1.92445E+18,,araaasar,in,,0,0,0,https://x.com/undefined/status/1924447267249127518,1.71553E+18,
kurikulum-baru_1.csv,1.92445E+18,Mon May 19 12:58:20 +0000 2025,0,@araaasar Kurba membuatku pusing ,1.92445E+18,,araaasar,in,,0,0,0,https://x.com/undefined/status/1924449542969393333,1321959427,
kurikulum-baru_1.csv,1.92445E+18,Mon May 19 13:25:50 +0000 2025,0,@araaasar KAKKK?? PLS,1.92446E+18,,araaasar,tl,,0,0,0,https://x.com/undefined/status/1924456463533285401,1.64278E+18,
kurikulum-baru_1.csv,1.92445E+18,Mon May 19 14:42:27 +0000 2025,0,@araaasar traumanya apa kak? kuliah di ut ,1.92448E+18,,araaasar,in,,0,0,0,https://x.com/undefined/status/1924475746531385365,1.51375E+18,
kurikulum-baru_1.csv,1.92445E+18,Mon May 19 15:05:31 +0000 2025,0,@araaasar kak semangat kak!!! mahasiswa seumur jagung ikut kepikiran banget hahahah ️,1.92448E+18,,araaasar,in,,0,0,0,https://x.com/undefined/status/1924481551716458733,1.57185E+18,
kurikulum-baru_1.csv,1.92445E+18,Mon May 19 15:50:11 +0000 2025,0,@araaasar Diskusi sampe gw anggurin saking pusingnya ngeliat kurba ,1.92449E+18,,araaasar,in,,0,0,0,https://x.com/undefined/status/1924492791239131255,1.62625E+18,
kurikulum-baru_1.csv,1.92445E+18,Mon May 19 14:52:53 +0000 2025,1,@araaasar KAK ,1.92448E+18,,araaasar,und,,0,0,0,https://x.com/undefined/status/1924478369850405347,1.65119E+18,
kurikulum-baru_2.csv,1.85693E+18,Thu Nov 14 08:30:29 +0000 2024,9,@Boediantar4 Merakyat tentu bagus tapi esensi tugas seorang Mentri bukan merakyat melainkan menghasilkan kebijakan yg benar dan berguna bagi rakyat Dulu ada presiden yg katanya merakyat dan hidup sederhana tapi hasilnya? anak menantu pamer kekayaan dgn jet pribadi dan tas ekslusif ,1.85698E+18,,Boediantar4,in,,0,0,0,https://x.com/undefined/status/1856977992582607133,1.6039E+18,
kurikulum-baru_2.csv,1.85693E+18,Thu Nov 14 10:16:27 +0000 2024,6,@Boediantar4 Gurunya dulu yang dibenahi mulai dari Skill &amp; cara mereka mendidik Moral &amp; Rasa Tanggung jawabnya terhadap anak didiknya S/d Motivasi &amp; Etos Kerja Sebaiknya Dipisah dari PNS sehingga mereka berdiri sendiri dgn Kesejahteraan yg tinggi tp memiliki tanggung jawab yg sangat besar️,1.857E+18,,Boediantar4,in,,0,2,0,https://x.com/undefined/status/1857004663679111268,1.72147E+18,
kurikulum-baru_2.csv,1.85693E+18,Thu Nov 14 07:09:02 +0000 2024,2,@Boediantar4 Kalo zamannya Mulyono orang model begini di SINGKIRKAN ! mudah2an Pa Menteri tetap amanah selalu sehat walafiat.,1.85696E+18,,Boediantar4,in,,0,0,1,https://x.com/undefined/status/1856957497807892705,1.54356E+18,
kurikulum-baru_2.csv,1.85693E+18,Thu Nov 14 10:05:40 +0000 2024,4,@Boediantar4 @opposite6892 Ganti menteri ganti kurikulum. Yg babak belur ortu siswa yg harus gonta ganti buku pelajaran ,1.857E+18,,Boediantar4,in,,0,0,0,https://x.com/undefined/status/1857001947342983460,1.72603E+18,
kurikulum-baru_2.csv,1.85693E+18,Thu Nov 14 11:21:39 +0000 2024,2,@Boediantar4 Ya Allah....10 tahun rasanya kita dalam kebebalan. Dunia pendidikan hancur. Ke depan ada harapan perbaikan dunia pendidikan di Indonesia.,1.85702E+18,,Boediantar4,in,,0,0,0,https://x.com/undefined/status/1857021070059954364,1.56048E+18,
kurikulum-baru_2.csv,1.85693E+18,Fri Nov 15 00:08:59 +0000 2024,2,@Boediantar4 Itulah klo urusan diberikan pd yang ahlinya tentunya basic menjadi acuan... Gue setuju pernyataan beliau ini ....tiap2 murid itu daya resap n daya tangkap pembelajarannya beda-beda Sehat selalu Pak Menteri,1.85721E+18,,Boediantar4,in,,0,0,0,https://x.com/undefined/status/1857214174444839024,1.51347E+18,
kurikulum-baru_2.csv,1.85693E+18,Thu Nov 14 06:13:23 +0000 2024,1,@Boediantar4 Otak si fufufafa tidak sampai mikir kesini,1.85694E+18,,Boediantar4,in,,0,0,0,https://x.com/undefined/status/1856943491672412664,1.60359E+18,
kurikulum-baru_2.csv,1.85693E+18,Thu Nov 14 08:10:37 +0000 2024,1,@Boediantar4 Masyaa Allah .Tabarakallahu . Semoga Kemendiknas semakin berkah dibawah Prof Mu ti .aamiin,1.85697E+18,,Boediantar4,in,,0,0,0,https://x.com/undefined/status/1856972995392409993,7.12159E+17,
kurikulum-baru_2.csv,1.85693E+18,Thu Nov 14 08:18:08 +0000 2024,1,@Boediantar4 Alhamdulillah Subhanallah Allahuakbar semoga bermanfaat buat dunia pendidikan Nasional Republik Indonesia Aamiin Aamiin Aamiin Ya Rabbal Alamin ,1.85697E+18,,Boediantar4,in,,0,0,0,https://x.com/undefined/status/1856974888264990988,1.72057E+18,
kurikulum-baru_2.csv,1.85693E+18,Thu Nov 14 11:52:21 +0000 2024,1,@Boediantar4 P Mufti emang orang apa adanya Dia tdk tunjukkan siapa saya Konsisten menjabat atau tdk menjabat biasa saja. Sehat P mufti,1.85703E+18,,Boediantar4,in,,0,0,0,https://x.com/undefined/status/1857028794646777884,1.56308E+18,
kurikulum-baru_3.csv,1.93493E+18,Tue Jun 17 14:22:39 +0000 2025,1,@utfess ini ut klo mhsw protes tau ga si?? dengerin ga sii??,1.93498E+18,,utfess,in,,0,0,0,https://x.com/undefined/status/1934980009984466980,1.116E+18,
kurikulum-baru_3.csv,1.93493E+18,Tue Jun 17 18:50:55 +0000 2025,1,@utfess Asli nder aku yang awalnya banyak 4 sks tiba2 berubah 3 sks dan 2 sks wkwk,1.93505E+18,,utfess,in,,0,0,0,https://x.com/undefined/status/1935047524366303412,1.82591E+18,
kurikulum-baru_3.csv,1.93493E+18,Tue Jun 17 11:21:04 +0000 2025,0,@utfess Aku g cek nder... Mana yg lkam lama aku g nyimpen huhuuuuu,1.93493E+18,,utfess,in,,0,0,0,https://x.com/undefined/status/1934934313583419749,1.11704E+18,
kurikulum-baru_3.csv,1.93493E+18,Tue Jun 17 11:51:45 +0000 2025,0,@utfess emang monyet ut ni kaga jelas,1.93494E+18,,utfess,in,,0,0,0,https://x.com/undefined/status/1934942035112521913,1.5377E+18,
kurikulum-baru_3.csv,1.93493E+18,Tue Jun 17 12:48:21 +0000 2025,0,@utfess iya ih aku jugaaa,1.93496E+18,,utfess,in,,0,0,0,https://x.com/undefined/status/1934956278012674301,1.20943E+18,
kurikulum-baru_3.csv,1.93493E+18,Tue Jun 17 13:23:29 +0000 2025,0,@utfess Lah iya njir sama ipknya juga turun 0.01 wkwk,1.93497E+18,,utfess,in,,0,1,0,https://x.com/undefined/status/1934965119462834490,1.24646E+18,
kurikulum-baru_3.csv,1.93493E+18,Tue Jun 17 15:07:35 +0000 2025,0,@utfess Aneh emang,1.93499E+18,,utfess,in,,0,0,0,https://x.com/undefined/status/1934991321040855264,279525159,
kurikulum-baru_3.csv,1.93493E+18,Tue Jun 17 16:21:46 +0000 2025,0,@utfess iya benerrr jumlah sks aku juga hilang 2 sks. jd gimana ya solusinya ini tehh? ,1.93501E+18,,utfess,in,,0,0,0,https://x.com/undefined/status/1935009985815273576,1.40625E+18,
kurikulum-baru_3.csv,1.93493E+18,Wed Jun 18 01:49:59 +0000 2025,0,@utfess Ak juga ilang 4 sks nder,1.93515E+18,,utfess,in,,0,0,0,https://x.com/undefined/status/1935152983639196037,1.42022E+18,
kurikulum-baru_3.csv,1.93493E+18,Wed Jun 18 13:06:52 +0000 2025,0,@utfess Tempatku ada yg awalnya 3 SKS jadi 1 SKS doang. Tapi untungnya matkul yg itu nilai D jadi gak nyesek² amat. Tapi tetep nyesek bagian sks yg sudah ditempuh jdi berkurang 6 SKS. Wkwk ,1.93532E+18,,utfess,in,,0,0,0,https://x.com/undefined/status/1935323326051926181,8.12318E+17,
kurikulum-baru_3.csv,1.93493E+18,Wed Jun 18 13:08:41 +0000 2025,0,@utfess Kalau gak salah denger kemarin waktu ada sosialisasi yg tadinya 4 sks jadi 2 atau 3 sks nanti sisa sks nya akan di konversi ke yang tadinya 2 atau 3 sks sekarang jadi 4 sks.,1.93532E+18,,utfess,in,,0,1,0,https://x.com/undefined/status/1935323783612743805,1.28848E+18,
kurikulum-baru_3.csv,1.93493E+18,Wed Jun 18 16:08:24 +0000 2025,0,@utfess Aku smt 1 berkurang 4 sks smt 2 berkurang 2 sks gaoaoa,1.93537E+18,,utfess,in,,0,0,0,https://x.com/undefined/status/1935369011291943013,1.46158E+18,
kurikulum-baru_3.csv,1.93493E+18,Thu Jun 19 01:50:58 +0000 2025,0,@utfess aku tbtb nambah matkul baru pdhl udh semester akhir terus ada matkul yang ilang dilebur padahal semester ini aku ambil. anjrit kan bingung ya,1.93552E+18,,utfess,in,,0,0,0,https://x.com/undefined/status/1935515619409154543,1.09853E+18,
kurikulum-baru_3.csv,1.93493E+18,Thu Jun 19 03:13:00 +0000 2025,0,@utfess baru cek ternyata iyaaa turun 4 sks,1.93554E+18,,utfess,in,,0,0,0,https://x.com/undefined/status/1935536265044328958,1.88664E+18,
kurikulum-baru_4.csv,1.83267E+18,Sun Sep 08 06:55:26 +0000 2024,70,@zanatul_91 Tulisan mas tidak akan dan mustahil ditemukan di media sosial lain selain X/twitter. Di instagram isinya pembenaran bahwa kurikulum dan segala isi²nya sudah benar dan bagus. Sedangkan disini rasanya semua jujur. Bagus ya bagus jelek ya jelek. No bias This is my opinion.,1.83267E+18,,zanatul_91,in,,0,1,3,https://x.com/undefined/status/1832674089074618758,91548676,
kurikulum-baru_4.csv,1.83267E+18,Sun Sep 08 11:13:46 +0000 2024,26,@zanatul_91 ada 2 tipe guru: 1. yang masuk ke kelas untuk mengajar muridnya dan mengakali administrasi 2. ada yg mengakali muridnya di kelas dan mengerjakan administrasi,1.83274E+18,,zanatul_91,in,,0,3,0,https://x.com/undefined/status/1832739101071618049,479160851,
kurikulum-baru_4.csv,1.83267E+18,Sun Sep 08 07:29:16 +0000 2024,6,@zanatul_91 saya jaranggg banget mendapati berita tentang Pak Menteri Dikbudristek ini (selain di episode2 MB). Apa karena algoritma beranda+pencarian twitter/YT/google saya yang tidak mengarahkan ke sana ya. Malah Lebih banyak berita/pernyataan dari kepala BSKAP...,1.83268E+18,,zanatul_91,in,,0,1,0,https://x.com/undefined/status/1832682602903564424,1.06698E+18,
kurikulum-baru_4.csv,1.83267E+18,Sun Sep 08 11:21:48 +0000 2024,5,@zanatul_91 pak iman punya grup wa atau komunitas yg bajas soal pendidikan di Indonesia gak? biar bisa diskusi saya mau gabung. saya dari provinsi lampung btw,1.83274E+18,,zanatul_91,in,,0,2,0,https://x.com/undefined/status/1832741119249318144,7.06835E+17,
kurikulum-baru_4.csv,1.83267E+18,Mon Sep 09 11:14:13 +0000 2024,3,@zanatul_91 Kalau ngga salah kurikulum ini khan maseh prototype kedua. Entahkenapa langsung diberlakukan secara nasional CP aja terus berubah P5 jadi jargon yang dianggap keren padahal ya gituh aja. Model projek malah lebih ke entertainment hiburan bikin panggung katanyakeren...,1.8331E+18,,zanatul_91,in,,0,2,0,https://x.com/undefined/status/1833101599033487614,163489904,
kurikulum-baru_4.csv,1.83267E+18,Sun Sep 08 07:21:12 +0000 2024,50,@zanatul_91 Guru ketika melaksanakan kurikulum merdeka itu laptop beli sendiri kuota beli sendiri listrik untuk laptop bayar sendiri kalau menggunakan waktu di luar jam kerja lembur tidak dibayar kurikulum merdeka kok malah menyengsarakan guru,1.83268E+18,,zanatul_91,in,,0,1,1,https://x.com/undefined/status/1832680569601454301,1.60618E+18,
kurikulum-baru_4.csv,1.83267E+18,Sun Sep 08 08:45:12 +0000 2024,29,@zanatul_91 Sederhananya; Gw mau sistem belajar kita kek gw waktu di amerika ganti kurikulumnya Pak gurunya ga paham krn mrk ga sekolah di amrik Suru gurunya belajar! Gw bikinin aplikasi Pak waktu gurunya abis buat ini doang jadinya murid nilainya jeblok Gurunya ga kompeten nih,1.8327E+18,,zanatul_91,in,,2,0,5,https://x.com/undefined/status/1832701709598278090,1.03554E+18,
kurikulum-baru_4.csv,1.83267E+18,Sun Sep 08 06:34:16 +0000 2024,25,@zanatul_91 Sebelum PLP siapin diri dgn KM. Ikut seminar yg dpt JP belajar dari sosialisasi di YT juga. Tapi isi materinya sama aja dah sebanyak itu ttp ga ngerti apa apa juga. Bahkan stelah ngajar makin mikir apa bedanya dgn K13? . Cuma beda P5 dan pergantian nama instrumen,1.83267E+18,,zanatul_91,in,,1,0,4,https://x.com/undefined/status/1832668762375438680,1.11957E+18,
kurikulum-baru_4.csv,1.83267E+18,Sun Sep 08 09:04:45 +0000 2024,19,@zanatul_91 dulu waktu workshop kurdeka team kami tanya -'kesannya ganti mentri ganti kurikulum' -instructur: 'sebelah mananya? justru kurikulum ini penyempurnaan' penyempurnaan apanya? we sit for hours and the feedback just a paper called certificate that we cant measure the value kok,1.83271E+18,,zanatul_91,in,,0,1,3,https://x.com/undefined/status/1832706629449748649,415961409,
kurikulum-baru_4.csv,1.83267E+18,Sun Sep 08 06:46:03 +0000 2024,18,@zanatul_91 Nadiem eksperimen sesuatu yg blom jelas efektifitasnya Eksperimen normalnya skala kecil kemudian di review Kalo gagal yg kena efek jg kecil Ini langsung skala nasional Seindonesia raya kena efeknya,1.83267E+18,,zanatul_91,in,,2,3,0,https://x.com/undefined/status/1832671725168775251,1.20091E+18,
kurikulum-baru_4.csv,1.83267E+18,Sun Sep 08 06:42:23 +0000 2024,13,@zanatul_91 Sbg korban dr semua program diatas kesimpulannya adalah guru pada capek apalagi P5 yg menguras energi dan biaya.,1.83267E+18,,zanatul_91,in,,0,0,0,https://x.com/undefined/status/1832670804359929878,9.85191E+17,
kurikulum-baru_4.csv,1.83267E+18,Sun Sep 08 07:06:02 +0000 2024,7,@zanatul_91 Kita yang dilapangan benar-benar keteteran karena kurang koordinasi. P5 aja perlu biaya sampe bingung minta kmana,1.83268E+18,,zanatul_91,in,,0,0,1,https://x.com/undefined/status/1832676755225579651,1357069646,
kurikulum-baru_4.csv,1.83267E+18,Sun Sep 08 08:18:23 +0000 2024,4,@zanatul_91 Kurikulum merdeka katanya sederhana nyatanya tidak merdeka tapi full administrasi ini itu. Waktu guru habis memikirkan kreatif atraktif inovatif tif tiflah dengan ice breaking membahana. Melelahkan sekali harus melakukan ini semua ini dari jam 7.30 sampai 14.30.,1.83269E+18,,zanatul_91,in,,0,0,1,https://x.com/undefined/status/1832694963928494120,1.12204E+18,
kurikulum-baru_4.csv,1.83267E+18,Sun Sep 08 23:59:44 +0000 2024,4,@zanatul_91 Inilah. Orang terburu-buru bikin sistem dengan asumsi sistem itu adl yg terbaik dan harus dilakukan. Tp tdk melihat kesiapan dan kebutuhan ekosistem. Sistem bisa merdeka kalau ekosistemnya merdeka. Masalahnya kebutuhan dasar guru sj blm terpenuhi utk naik ke piramida selanjutnya.,1.83293E+18,,zanatul_91,in,,0,0,1,https://x.com/undefined/status/1832931859338347005,1510064330,
kurikulum-baru_4.csv,1.83267E+18,Sun Sep 08 06:42:06 +0000 2024,5,@zanatul_91 Bener2 inilah yg terjadi di lapangan krn anak sy sekolah di sd negeri penggerak. Dan kebetulan istri deket dengan guru2nya. Keluhannya persis seperti diatas,1.83267E+18,,zanatul_91,in,,0,0,0,https://x.com/undefined/status/1832670730305335742,1.74945E+18,
kurikulum-baru_4.csv,1.83267E+18,Sun Sep 08 13:20:45 +0000 2024,2,@zanatul_91 Pak Nadiem bilang just hyper experiment on everything. Nah ini kurikulum udah terbukti jeblok ya kenapa diteruskan,1.83277E+18,,zanatul_91,in,,0,0,0,https://x.com/undefined/status/1832771055636885902,148985134,
kurikulum-baru_4.csv,1.83267E+18,Sun Sep 08 14:13:46 +0000 2024,2,@zanatul_91 Mungkinkah kurikulum dikembangkan oleh lembaga yg lebih independen komprehensif thd perkembangan zaman dan berkelanjutan. Entah kabinet mendatang menterinya siapa lagi dan ganti ..... .lagi ,1.83278E+18,,zanatul_91,in,,0,0,0,https://x.com/undefined/status/1832784397013242329,159899431,
kurikulum-baru_4.csv,1.83267E+18,Sun Sep 08 19:52:56 +0000 2024,1,@zanatul_91 Apakah guru2 di Indonesia ini dipahamkan soal goals &amp; measurement yg digunakan utk mengukur hasil kinerja mereka?,1.83287E+18,,zanatul_91,in,,0,1,0,https://x.com/undefined/status/1832869753259790829,1.37534E+18,
kurikulum-baru_4.csv,1.83267E+18,Mon Sep 09 03:53:00 +0000 2024,1,@zanatul_91 Jaman KTSP kita sering mendengar siswa berprestasi di berita ICYS ISO dll sekarang jarang terdengar. Ayah saya sebelum pensiun sering ngeluh dipaksa nonton video untuk ngikuti kurikulum padahal cara lama lebih gampang dibuat buku panduan saja biar dibaca lagi saat ngajar.,1.83299E+18,,zanatul_91,in,,0,0,0,https://x.com/undefined/status/1832990565597860010,787140920,
kurikulum-baru_4.csv,1.83267E+18,Mon Sep 09 12:07:35 +0000 2024,1,@zanatul_91 Menteri aplikasi nih boss... senggol dong... ,1.83312E+18,,zanatul_91,in,,0,0,0,https://x.com/undefined/status/1833115031866909079,1.1438E+18,
kurikulum-baru_4.csv,1.83267E+18,Sun Sep 08 10:24:43 +0000 2024,0,@zanatul_91 Sebahai ortu yg anaknya disekolah negri beberapa jenjang. Kurikulum sekolah semenjak era pasca pak Harto. Anj33ng,1.83273E+18,,zanatul_91,in,,0,0,0,https://x.com/undefined/status/1832726753808441652,1.60374E+18,
kurikulum-baru_4.csv,1.83267E+18,Sun Sep 08 10:50:01 +0000 2024,0,@zanatul_91 Sejak kurtilas udah keliatan nggak cocok dg realita di lapangan apalagi kurmer. Kalau melihat kondisi lapangan kurikulum2 itu belum cocok untuk diterapkan. Nggak pernah ada refleksi dan evaluasi apa gimana sih.,1.83273E+18,,zanatul_91,in,,0,0,0,https://x.com/undefined/status/1832733121361707085,1.16562E+18,
kurikulum-baru_4.csv,1.83267E+18,Sun Sep 08 11:54:30 +0000 2024,0,@zanatul_91 Nungguin kalo2 ada buzzer dan guru influencer komen,1.83275E+18,,zanatul_91,in,,0,0,0,https://x.com/undefined/status/1832749350403088816,1.17214E+18,
kurikulum-baru_4.csv,1.83267E+18,Sun Sep 08 14:49:07 +0000 2024,0,@zanatul_91 Tidak ada pengaruh ganti kurikulum dengan cara guru mengajar.,1.83279E+18,,zanatul_91,in,,0,0,0,https://x.com/undefined/status/1832793293723464117,1.25789E+18,
kurikulum-baru_4.csv,1.83267E+18,Sun Sep 08 14:58:41 +0000 2024,0,@zanatul_91 Aku berpikir maka aku ada Zaman sekarang Aku direkam maka aku ada. Politik kehadiran kaya korps pasukan hajat ,1.8328E+18,,zanatul_91,in,,0,0,0,https://x.com/undefined/status/1832795702113755639,119684668,
kurikulum-baru_5.csv,1.81776E+18,Mon Jul 29 03:21:40 +0000 2024,12,@WagimanDeep212_ Sudah turun temurun begitu kita juga sejak lama tidak mempermasalahkan. Buku adalah jembatan dunia buku adalah matahari bangsa. Sekarang sudah berubah mungkin artinya ,1.81776E+18,,WagimanDeep212_,in,,0,1,2,https://x.com/undefined/status/1817762389091307800,1.69608E+18,
kurikulum-baru_5.csv,1.81776E+18,Mon Jul 29 03:39:53 +0000 2024,5,@WagimanDeep212_ Sementara itu.... Pejabat menyekolahkan anak anaknya ke luar negeri. ,1.81777E+18,,WagimanDeep212_,in,,1,0,3,https://x.com/undefined/status/1817766972299620847,1.3387E+18,
kurikulum-baru_5.csv,1.81776E+18,Mon Jul 29 03:18:39 +0000 2024,5,@WagimanDeep212_ Tahun ini kurikulum merdeka mulai diterapkan Tahun depan ganti menteri siap siap aja ganti kurikulum lagi ,1.81776E+18,,WagimanDeep212_,in,,0,0,1,https://x.com/undefined/status/1817761630807335167,1.37469E+18,
kurikulum-baru_5.csv,1.81776E+18,Mon Jul 29 06:04:47 +0000 2024,3,@WagimanDeep212_ Kurikulum ganti tapi ilmu nya masih sama cuma beda penyampaian informasi nya saja. Kalau buku buku itu masuk ke perpustakaan desa walau dengan harga murah tujuan mencerdaskan bangsa tercapai. Tapi kalau tujuan cuan ya amsiong.,1.8178E+18,,WagimanDeep212_,in,,0,0,2,https://x.com/undefined/status/1817803437243043857,1.19139E+18,
kurikulum-baru_5.csv,1.81776E+18,Mon Jul 29 06:02:33 +0000 2024,3,@WagimanDeep212_ Benang kasut dunia pendidikan yang harus dibenahi ditarik umur terus didukung menjadi sebuah benang yang bisa dipakai kapan waktu dibutuhkan. Dulu buku materi pelajaran bisa diwajibkan sekarang... Ahh... Mbohlah...,1.8178E+18,,WagimanDeep212_,in,,0,1,1,https://x.com/undefined/status/1817802877794148723,1.44276E+18,
kurikulum-baru_5.csv,1.81776E+18,Mon Jul 29 03:28:46 +0000 2024,2,@WagimanDeep212_ Cuan mbieb.,1.81776E+18,,WagimanDeep212_,es,,0,1,1,https://x.com/undefined/status/1817764176280117288,1.54853E+18,
kurikulum-baru_5.csv,1.81776E+18,Mon Jul 29 03:16:27 +0000 2024,3,@WagimanDeep212_ Kira2 kembali pakai Sabak g bng......,1.81776E+18,,WagimanDeep212_,in,,0,0,0,https://x.com/undefined/status/1817761074063839597,9.38456E+17,
kurikulum-baru_5.csv,1.81776E+18,Mon Jul 29 03:22:28 +0000 2024,3,@WagimanDeep212_ Masarakat bapack2 mana bisa nabung . Mana bisa hidup sejahtera. Jatah buat beli vitamin dn kebutuhn kesehatan hrs teralihkan buat beli buku. Klo anaknya 3 beli buku semua... Stress kejet2 kami2 ini,1.81776E+18,,WagimanDeep212_,in,,0,0,0,https://x.com/undefined/status/1817762590300541245,1.60389E+18,
kurikulum-baru_5.csv,1.81776E+18,Mon Jul 29 03:29:21 +0000 2024,3,@WagimanDeep212_ Tahun Ajaran berganti generasi bangsa makin linglung hebatnya kalau tauran membully atau ikut demo Yang makin cerdas justru Pejabatnya cerdas menciptakan peluang cuan dari Proyek-proyek an. Pendidikan.,1.81776E+18,,WagimanDeep212_,in,,0,0,0,https://x.com/undefined/status/1817764323210744046,1.60515E+18,
kurikulum-baru_5.csv,1.81776E+18,Mon Jul 29 05:47:18 +0000 2024,1,@WagimanDeep212_ Ndisik tahun ajaran baru ratau tuku buku pelajaran.. nganti mbaldus² bukune..,1.8178E+18,,WagimanDeep212_,in,,0,1,1,https://x.com/undefined/status/1817799040022847815,272817152,
kurikulum-baru_5.csv,1.81776E+18,Mon Jul 29 10:41:12 +0000 2024,3,@WagimanDeep212_ Jika bisa dibuat susah kenapa harus dibuat mudah? Demikian yang banyak terjadi ....,1.81787E+18,,WagimanDeep212_,in,,0,0,0,https://x.com/undefined/status/1817872999313277248,1.09782E+18,
kurikulum-baru_5.csv,1.81776E+18,Mon Jul 29 15:01:25 +0000 2024,1,@WagimanDeep212_ https://t.co/LiUHShCbqH,1.81794E+18,https://pbs.twimg.com/media/GTqda1iaMAAqikv.jpg,WagimanDeep212_,qme,,0,0,1,https://x.com/undefined/status/1817938486366019771,1.68932E+18,
kurikulum-baru_5.csv,1.81776E+18,Mon Jul 29 05:32:48 +0000 2024,2,@WagimanDeep212_ Satu kebijakan orba yang aku sepakati adalah kurikulum yang stabil dan buku pelajaran yang dicetak oleh pusat dan bisa dipakai bertahun-tahun,1.8178E+18,,WagimanDeep212_,in,,0,0,0,https://x.com/undefined/status/1817795390445695408,1.31114E+18,
kurikulum-baru_5.csv,1.81776E+18,Mon Jul 29 05:51:50 +0000 2024,2,@WagimanDeep212_ Ini benar banget seperti ada upaya untuk mengambil keuntungan dari hasil jualan buku. 1 anak aja org tuanya harus keluarkan biaya hampir jutaan. Belum seragam ,1.8178E+18,,WagimanDeep212_,in,,0,0,0,https://x.com/undefined/status/1817800179996881185,1.29129E+18,
kurikulum-baru_5.csv,1.81776E+18,Mon Jul 29 06:03:18 +0000 2024,2,@WagimanDeep212_ sekarang parah min... bukunya tebal tebal dua semester dijadikan satu tas anakku yg masih SD beratnya minta ampun. ngapain juga pelajaran semester 2 dibawa ngalor ngidul kl belum waktunya kurikulum model opo iki,1.8178E+18,,WagimanDeep212_,in,,0,1,0,https://x.com/undefined/status/1817803064486895634,7.85046E+17,
kurikulum-baru_5.csv,1.81776E+18,Mon Jul 29 08:15:21 +0000 2024,2,@WagimanDeep212_ Inget jaman dlu dpt warisan buku dr eks kakk kelas,1.81784E+18,,WagimanDeep212_,in,,0,0,0,https://x.com/undefined/status/1817836296666247457,2427875538,
kurikulum-baru_5.csv,1.81776E+18,Mon Jul 29 12:49:14 +0000 2024,2,@WagimanDeep212_ pendidikan mahal. pendidikan bukan lg hak warga negara Sudah merdeka kah kita ??,1.81791E+18,,WagimanDeep212_,in,,0,0,0,https://x.com/undefined/status/1817905222976741491,1968375830,
kurikulum-baru_5.csv,1.81776E+18,Mon Jul 29 13:50:16 +0000 2024,2,@WagimanDeep212_ Kalo kebijakan2 cuma berbasis projek demi cuan ya MPE kapan juga akan jdi bangsa terbelakang.REPELITA &amp; GBHN dimasa lalu seenggaknya nunjukin Kalo butuh yg namanya perencanaan yg gak akan bisa drubah seenak jidatnya.Minimal punya arah tau mau ngapain Dan kemana ,1.81792E+18,,WagimanDeep212_,in,,0,0,0,https://x.com/undefined/status/1817920578961244563,1.68761E+18,
kurikulum-baru_5.csv,1.81776E+18,Mon Jul 29 03:15:26 +0000 2024,1,@WagimanDeep212_ kualitas jg bs diadu ya bieb ,1.81776E+18,,WagimanDeep212_,in,,0,0,0,https://x.com/undefined/status/1817760818173493259,8.10271E+17,
kurikulum-baru_5.csv,1.81776E+18,Mon Jul 29 10:56:45 +0000 2024,1,@WagimanDeep212_ Bisnis.. Sekarang banyak yg mengaku penulis.. Cetak buku ini dan itu... Semua. Karena uang...,1.81788E+18,,WagimanDeep212_,in,,0,0,0,https://x.com/undefined/status/1817876915300286644,1.10464E+18,
kurikulum-baru_5.csv,1.81776E+18,Mon Jul 29 14:45:36 +0000 2024,1,@WagimanDeep212_ Kalau bisa dipersulit ngapain dibikin mudah,1.81793E+18,,WagimanDeep212_,in,,0,0,0,https://x.com/undefined/status/1817934506688720963,1.59132E+18,
kurikulum-baru_5.csv,1.81776E+18,Mon Jul 29 17:36:32 +0000 2024,1,@WagimanDeep212_ Saya salah satu orang tua siswa yang terkena dampak bieb. Ada dana bos untuk buku tapi tidak semua buku harus ada juga yang dibeli. Ntah lah pusing kepala.,1.81798E+18,,WagimanDeep212_,in,,0,0,0,https://x.com/undefined/status/1817977521184666059,1.28851E+18,
kurikulum-baru_5.csv,1.81776E+18,Mon Jul 29 22:16:35 +0000 2024,1,@WagimanDeep212_ Di Konoha apa yg bisa dijadikan cuan harus dilakukan Bieb ini baru dunia pendidikan dunia kesehatan lebih parah lagi obat2an harus terjual habis persetan pasiennya mau sembuh ato gak ,1.81805E+18,,WagimanDeep212_,in,,0,0,0,https://x.com/undefined/status/1818047998037037417,1.64751E+18,
kurikulum-baru_5.csv,1.81776E+18,Tue Jul 30 04:45:01 +0000 2024,1,@WagimanDeep212_ Semasa SD SMP SMA buku pelajaran diturunkan dari kk,1.81815E+18,,WagimanDeep212_,in,,0,0,0,https://x.com/undefined/status/1818145751702380570,1.45289E+18,
kurikulum-baru_5.csv,1.81776E+18,Tue Jul 30 05:58:46 +0000 2024,1,@WagimanDeep212_ Dulu kurikulum gak ganti ganti juga bisa nyetak banyak profesor dan ilmuan profseional . Sekarang nyetak apa??...,1.81816E+18,,WagimanDeep212_,in,,0,0,0,https://x.com/undefined/status/1818164311174578200,2471294520,
kurikulum-baru_5.csv,1.81776E+18,Tue Jul 30 17:29:00 +0000 2024,1,@WagimanDeep212_ Buku yg harus dibeli tiap semester kalo ditotal hampir 1 juta dan itu gabisa dicicil. Jaman sklh dulu emak beli buku bekas kakak kelas trus tuh buku msh bisa diturunin ke adek gue trus msh bisa dijual lg krn kurikulumnya ga ganti,1.81834E+18,,WagimanDeep212_,in,,0,0,0,https://x.com/undefined/status/1818338013245850043,1.07816E+18,
kurikulum-baru_5.csv,1.81776E+18,Tue Jul 30 23:36:02 +0000 2024,1,@WagimanDeep212_ Metode belajarnya juga berubah bib. Anak sekarang belajar bahasa inggris ga disuruh bawa kamus,1.81843E+18,,WagimanDeep212_,in,,0,0,0,https://x.com/undefined/status/1818430380330172661,622255142,
kurikulum-baru_5.csv,1.81776E+18,Mon Jul 29 03:26:09 +0000 2024,0,@WagimanDeep212_ Menterinya keblinger pintar tapi bodoh,1.81776E+18,,WagimanDeep212_,in,,0,1,0,https://x.com/undefined/status/1817763516042076456,1.74005E+18,
kurikulum-baru_5.csv,1.81776E+18,Mon Jul 29 12:47:47 +0000 2024,0,@WagimanDeep212_ setuju Bib mending kayak dulu buku kakaknya bisa dipakai adik jadi hemat biaya keluarga bisa sekolah semua,1.8179E+18,,WagimanDeep212_,in,,0,0,0,https://x.com/undefined/status/1817904857594081771,722231456,
kurikulum-baru_5.csv,1.81776E+18,Mon Jul 29 11:14:27 +0000 2024,0,@WagimanDeep212_ lha gimana beda mentri beda kurikulum. sehingga beda proyeknya juga,1.81788E+18,,WagimanDeep212_,in,,0,0,0,https://x.com/undefined/status/1817881368338292822,2402369005,
kurikulum-baru_5.csv,1.81776E+18,Mon Jul 29 11:54:24 +0000 2024,0,@WagimanDeep212_ Keri kulum keri kulum keri kulum lagi!Rusak,1.81789E+18,,WagimanDeep212_,in,,0,0,0,https://x.com/undefined/status/1817891423032938667,1.41268E+18,
kurikulum-baru_5.csv,1.81776E+18,Mon Jul 29 12:16:38 +0000 2024,0,@WagimanDeep212_ Buku mahal jadinya banyak yg putus sekolah . Sementara anak pejabatnya sekolah di luar negeri. Yg di dalam negri dg prestasi Cumlaude pun tipis bs dpt jabatan sementara yg cm 'Les' di LN bs dpt jabatan cihuy... Rak cetho blasss masseeh..,1.8179E+18,,WagimanDeep212_,in,,0,0,0,https://x.com/undefined/status/1817897016481263897,1.8058E+18,
kurikulum-baru_5.csv,1.81776E+18,Mon Jul 29 12:58:57 +0000 2024,0,@WagimanDeep212_ Dulu pake merk Yu.. Thi.. Ra.. Sekarang dah g pake lg gimana itu nasib pabriknya..,1.81791E+18,,WagimanDeep212_,in,,0,0,0,https://x.com/undefined/status/1817907668474044725,1.42133E+18,
kurikulum-baru_5.csv,1.81776E+18,Mon Jul 29 13:00:26 +0000 2024,0,@WagimanDeep212_ Fulus bib..fulus,1.81791E+18,,WagimanDeep212_,in,,0,0,0,https://x.com/undefined/status/1817908038545682618,1355873708,
kurikulum-baru_5.csv,1.81776E+18,Mon Jul 29 13:03:49 +0000 2024,0,@WagimanDeep212_ Lhoo emang salah satu tujuannya bikin buku baru om.... saya kan mesti bayar cicilan om....,1.81791E+18,,WagimanDeep212_,in,,0,0,0,https://x.com/undefined/status/1817908891927417019,1.72208E+18,
kurikulum-baru_5.csv,1.81776E+18,Mon Jul 29 13:10:57 +0000 2024,0,@WagimanDeep212_ Tahun ini beli buku doang 1 6jt Naik mulu,1.81791E+18,,WagimanDeep212_,in,,0,0,0,https://x.com/undefined/status/1817910686338478432,1.06539E+18,
kurikulum-baru_5.csv,1.81776E+18,Mon Jul 29 13:14:18 +0000 2024,0,@WagimanDeep212_ Akhirnya di beli tukang loak dgn harga Rp.500/kg.wkwk.,1.81791E+18,,WagimanDeep212_,in,,0,0,0,https://x.com/undefined/status/1817911528110350637,2302893134,
kurikulum-baru_5.csv,1.81776E+18,Mon Jul 29 13:29:57 +0000 2024,0,@WagimanDeep212_ SEKARANG INI DUNIA PENDIDIKAN SUDAH MENCENG JAUH DARI TUJUAN AWAL SUDAH JADI LADANG BISNIS BARU .,1.81792E+18,,WagimanDeep212_,in,,0,0,0,https://x.com/undefined/status/1817915469606834660,1.56752E+18,
kurikulum-baru_5.csv,1.81776E+18,Mon Jul 29 13:34:12 +0000 2024,0,@WagimanDeep212_ LAHAN BISNIS BARU TIAP AWAL PENDIDIKAN( REJEKI TIAP TAHUN AWAL PESERTA DIDIK BARU).,1.81792E+18,,WagimanDeep212_,in,,0,0,0,https://x.com/undefined/status/1817916537472462947,1.56752E+18,
kurikulum-baru_5.csv,1.81776E+18,Mon Jul 29 03:40:41 +0000 2024,0,@WagimanDeep212_ Yg penting kan proyek bib biar dah gonta ganti yg penting cuan kata kang proyek! Makanya rakyat bingung pemimpin bingung guru aja bingung apa lagi yg jadi murid tambah bingung semua serba bingung dan akhirnya kaget!,1.81777E+18,,WagimanDeep212_,in,,0,0,0,https://x.com/undefined/status/1817767173366194195,1.75886E+18,
kurikulum-baru_5.csv,1.81776E+18,Mon Jul 29 03:41:59 +0000 2024,0,@WagimanDeep212_ Yg repot pustakawan sekolah. Buku paket itu bagian dari sarana bukan milik perpustakaan jd kalo udh ada buku baru buku lama jd ditumpuk di gudang dan banyaaakk sekali,1.81777E+18,,WagimanDeep212_,in,,0,0,0,https://x.com/undefined/status/1817767500035268948,195002408,
kurikulum-baru_5.csv,1.81776E+18,Mon Jul 29 03:44:26 +0000 2024,0,@WagimanDeep212_ Kualitas pendidikan jg makin menurun kurikulum skrg kurikulum pembodohan,1.81777E+18,,WagimanDeep212_,in,,0,0,0,https://x.com/undefined/status/1817768119655604691,1.25463E+18,
kurikulum-baru_5.csv,1.81776E+18,Mon Jul 29 03:47:17 +0000 2024,0,@WagimanDeep212_ Selama ada cuan bodo amat sama yg lain,1.81777E+18,,WagimanDeep212_,in,,0,0,0,https://x.com/undefined/status/1817768834411180065,1.80016E+18,
kurikulum-baru_5.csv,1.81776E+18,Mon Jul 29 03:54:14 +0000 2024,0,@WagimanDeep212_ kalo ente tanya ke menterinya jawbannya pasti : apa urusan ente kebijakan gue terserah gue..mau kasih kurikulum acak kadul..terserah gue.. ' enak gak ?,1.81777E+18,,WagimanDeep212_,in,,0,0,0,https://x.com/undefined/status/1817770582479610001,1.51447E+18,
kurikulum-baru_5.csv,1.81776E+18,Mon Jul 29 03:59:27 +0000 2024,0,@WagimanDeep212_ Dulu buku SD .. ini budi ini ibu budi diwariskan dari kakak pertama sampai adek bungsu ke enam :D sekarang tiap2 tahun ganti buku :(,1.81777E+18,,WagimanDeep212_,in,,0,0,0,https://x.com/undefined/status/1817771898102821334,1.04803E+18,
kurikulum-baru_5.csv,1.81776E+18,Mon Jul 29 04:00:47 +0000 2024,0,@WagimanDeep212_ Sekarang jaman komputer harusnya dipikirkan anak2 sekolah diberikan semacam tablet pengganti buku dengan kontrol pemakaian yg ketat atau bisa pakai model kindle yg cuma bisa untuk baca buku menghemat kertas dan beban berat tas anak2.,1.81777E+18,,WagimanDeep212_,in,,0,0,0,https://x.com/undefined/status/1817772232632115298,1.04803E+18,
kurikulum-baru_5.csv,1.81776E+18,Mon Jul 29 04:02:38 +0000 2024,0,@WagimanDeep212_ Si nadiem gak ngerti definisi pe didikan n gak paham kurikulum tu apa.,1.81777E+18,,WagimanDeep212_,in,,0,0,0,https://x.com/undefined/status/1817772700288590079,1.5569E+18,
kurikulum-baru_5.csv,1.81776E+18,Mon Jul 29 04:05:51 +0000 2024,0,@WagimanDeep212_ ,1.81777E+18,,WagimanDeep212_,qme,,0,0,0,https://x.com/undefined/status/1817773505938853907,563962606,
kurikulum-baru_5.csv,1.81776E+18,Mon Jul 29 04:13:31 +0000 2024,0,@WagimanDeep212_ Buku jadi bisnis Mbib... Zaman Soeharto lebih baik!,1.81778E+18,,WagimanDeep212_,in,,0,0,0,https://x.com/undefined/status/1817775436778348985,1.02387E+18,
kurikulum-baru_5.csv,1.81776E+18,Mon Jul 29 15:35:11 +0000 2024,0,@WagimanDeep212_ Pejabatnya kan goblok tau aja kan siapa padahal intinya anak2 sekolah juga harus bisa berhitung ,1.81795E+18,,WagimanDeep212_,in,,0,0,0,https://x.com/undefined/status/1817946986089414789,1.40282E+18,
kurikulum-baru_5.csv,1.81776E+18,Mon Jul 29 15:38:31 +0000 2024,0,@WagimanDeep212_ Ortu juga sulit mengajari anak2 ya karena tiap tahun beda kurikulum.,1.81795E+18,,WagimanDeep212_,in,,0,0,0,https://x.com/undefined/status/1817947823578771478,1.7536E+18,
kurikulum-baru_5.csv,1.81776E+18,Mon Jul 29 15:41:12 +0000 2024,0,@WagimanDeep212_ mentri nye anjink,1.81795E+18,,WagimanDeep212_,in,,0,0,0,https://x.com/undefined/status/1817948498429608132,796609140,
kurikulum-baru_5.csv,1.81776E+18,Mon Jul 29 17:16:45 +0000 2024,0,@WagimanDeep212_ Nah ini nih.. Yg BANGSAAAATTTT,1.81797E+18,,WagimanDeep212_,in,,0,0,0,https://x.com/undefined/status/1817972545112654039,1.59318E+18,
kurikulum-baru_5.csv,1.81776E+18,Mon Jul 29 22:16:39 +0000 2024,0,@WagimanDeep212_ https://t.co/V13fFK7VGJ Pemerintah cenderung mengabaikan infrastruktur pendidikan... Pantesan guru guru TIDAK DIHARGAI... status honorer yg tdk jelas....,1.81805E+18,,WagimanDeep212_,in,,0,0,0,https://x.com/undefined/status/1818048018098307531,3243020725,
kurikulum-baru_5.csv,1.81776E+18,Mon Jul 29 22:45:25 +0000 2024,0,@WagimanDeep212_ Dan sebenernya mereka tutup mata,1.81806E+18,,WagimanDeep212_,in,,0,0,0,https://x.com/undefined/status/1818055258008076580,7.02088E+17,
kurikulum-baru_5.csv,1.81776E+18,Mon Jul 29 23:06:25 +0000 2024,0,@WagimanDeep212_ Buah dari era repotnasi eh reformasi. Melahirkan banyak manusia serakah dan perut buncit.,1.81806E+18,,WagimanDeep212_,in,,0,0,0,https://x.com/undefined/status/1818060541145006204,1.45531E+18,
kurikulum-baru_5.csv,1.81776E+18,Mon Jul 29 23:15:23 +0000 2024,0,@WagimanDeep212_ Anak sy naik kelas 4 sd di suruh beli buku hrg 400 rb,1.81806E+18,,WagimanDeep212_,in,,0,0,0,https://x.com/undefined/status/1818062799282782414,1.65069E+18,
kurikulum-baru_5.csv,1.81776E+18,Mon Jul 29 23:29:32 +0000 2024,0,@WagimanDeep212_ Kl sekolah negeri buka ga beli om dipinjemi sekolah. Ygbeli itu LKS nah ini masalah buat apa coba ada LKS? guru kasi soal dikelas kan bisa masa iya ngandelin lks mulu soalnya?,1.81807E+18,,WagimanDeep212_,in,,0,1,0,https://x.com/undefined/status/1818066357147381875,375922893,
kurikulum-baru_5.csv,1.81776E+18,Mon Jul 29 23:36:33 +0000 2024,0,@WagimanDeep212_ Makin hari makin menyusahkan rakyat. Harap maklum menterinya dari orang kaya jadi ya mana peduli dengan kesulitan orang tua guru termasuk para penerbit saat berurusan dengan sekolah,1.81807E+18,,WagimanDeep212_,in,,0,0,0,https://x.com/undefined/status/1818068123133886958,1.7809E+18,
kurikulum-baru_6.csv,1.31007E+18,Sun Sep 27 04:42:11 +0000 2020,3,@CNNIndonesia Sejarah masih perlu dipelajari lah hanya salah satu materi yg ga wajib dipelajari menurut gw itu tntg manusia purba,1.31008E+18,,CNNIndonesia,in,,0,0,0,https://x.com/undefined/status/1310077250931359744,7.95602E+17,
kurikulum-baru_6.csv,1.31007E+18,Sun Sep 27 04:31:30 +0000 2020,0,@CNNIndonesia Lagu lama kurikulum baru yg disederhanakan selalu diulang tapi rumit juga pd akhirnya. Kerumitan birokrasi sistem pendidikan nasional yg akan buat kurikulum baru itu tdk sederhana. @Kemdikbud_RI @nadiemmakarim,1.31007E+18,,CNNIndonesia,in,,0,0,1,https://x.com/undefined/status/1310074562709606402,1.12633E+18,
kurikulum-baru_6.csv,1.31007E+18,Sun Sep 27 05:53:08 +0000 2020,1,@CNNIndonesia Kenapa gak seni/berkarya yang tidak wajib gantiin sejarah ?,1.3101E+18,,CNNIndonesia,in,,0,0,0,https://x.com/undefined/status/1310095105852805125,1.09516E+18,
kurikulum-baru_6.csv,1.31007E+18,Sun Sep 27 06:26:17 +0000 2020,1,@CNNIndonesia Ini kan belum sah. Kok sudah disampaikan cc @PBPGRI_OFFICIAL,1.3101E+18,,CNNIndonesia,in,,0,0,0,https://x.com/undefined/status/1310103448038158339,223785448,
kurikulum-baru_6.csv,1.31007E+18,Sun Sep 27 04:11:12 +0000 2020,0,@CNNIndonesia Kebanyakan itu IPA. Fisika/biologi/kimia salah satu aja napa,1.31007E+18,,CNNIndonesia,in,,0,1,0,https://x.com/undefined/status/1310069455410442242,197729048,
kurikulum-baru_6.csv,1.31007E+18,Sun Sep 27 04:13:47 +0000 2020,0,@CNNIndonesia Sangat tdk realistic #JadikanSejarahPelajaranWajib,1.31007E+18,,CNNIndonesia,in,,0,0,0,https://x.com/undefined/status/1310070105250783234,66965397,
kurikulum-baru_6.csv,1.31007E+18,Sun Sep 27 04:24:24 +0000 2020,0,@CNNIndonesia HAH ? KOK GITU ?,1.31007E+18,,CNNIndonesia,in,,0,0,0,https://x.com/undefined/status/1310072776506503168,1.2456E+18,
kurikulum-baru_6.csv,1.31007E+18,Sun Sep 27 04:57:10 +0000 2020,0,@CNNIndonesia Hah maksudnya gimana? Bukannya dari dulu juga begini matpelnya? ,1.31008E+18,,CNNIndonesia,in,,0,1,0,https://x.com/undefined/status/1310081020708839424,1615076588,
kurikulum-baru_6.csv,1.31007E+18,Sun Sep 27 05:22:31 +0000 2020,0,@CNNIndonesia Menarik nih,1.31009E+18,,CNNIndonesia,in,,0,0,0,https://x.com/undefined/status/1310087402824720384,395896633,
kurikulum-baru_6.csv,1.31007E+18,Sun Sep 27 05:25:36 +0000 2020,0,@CNNIndonesia hmmm menariq,1.31009E+18,,CNNIndonesia,in,,0,0,0,https://x.com/undefined/status/1310088177881772033,1019361384,
kurikulum-baru_6.csv,1.31007E+18,Sun Sep 27 05:44:34 +0000 2020,0,@CNNIndonesia Perasaan ini blm resmi deh... coba liat video dri pak menteri di ig mendikbud.,1.31009E+18,,CNNIndonesia,in,,0,0,0,https://x.com/undefined/status/1310092952291532808,2737358840,
kurikulum-baru_6.csv,1.31007E+18,Sun Sep 27 05:51:02 +0000 2020,0,@CNNIndonesia Memperbaiki kurikulum &amp; gaya mengajar pelajaran sejarah Menjadikan pelajaran sejarah sbg mapel tidak wajib ️ Makin aneh2 aja menteri2 pakde ,1.31009E+18,,CNNIndonesia,in,,0,0,0,https://x.com/undefined/status/1310094577429180416,1.10063E+18,
kurikulum-baru_6.csv,1.31007E+18,Sun Sep 27 05:53:39 +0000 2020,0,@CNNIndonesia Enak informatika di adakan lagi,1.3101E+18,,CNNIndonesia,in,,0,0,0,https://x.com/undefined/status/1310095236945731590,1.10107E+18,
kurikulum-baru_6.csv,1.31007E+18,Sun Sep 27 06:36:04 +0000 2020,0,@CNNIndonesia Ganti mentri Endingnya cuman ganti kurikulum.,1.31011E+18,,CNNIndonesia,in,,0,0,0,https://x.com/undefined/status/1310105912116355073,7.96198E+17,
kurikulum-baru_6.csv,1.31007E+18,Sun Sep 27 07:48:02 +0000 2020,0,@CNNIndonesia Matematika di banyakin sejarah dikurangi. Maunya apa,1.31012E+18,,CNNIndonesia,in,,0,0,0,https://x.com/undefined/status/1310124023490125824,299440064,
kurikulum-baru_6.csv,1.31007E+18,Sun Sep 27 09:59:23 +0000 2020,0,@CNNIndonesia gurunya yg ngajar sama belum banyak sosialisasi ya tetep aja kek biasanya. cuma formalitas biar lebih keren?,1.31016E+18,,CNNIndonesia,in,,0,0,0,https://x.com/undefined/status/1310157076883075078,1.23478E+18,
kurikulum-baru_8.csv,1.71953E+18,Wed Nov 01 05:03:26 +0000 2023,6,@ConversationIDN Bimbel tumbuh subur implikasi dari kurikulum yg kurang konsisten.,1.71958E+18,,ConversationIDN,in,,0,1,0,https://x.com/undefined/status/1719580886444941764,8.17063E+17,
kurikulum-baru_8.csv,1.71953E+18,Wed Nov 01 05:47:29 +0000 2023,5,@ConversationIDN Guru belum selesai training udah harus training materi baru.,1.71959E+18,,ConversationIDN,in,,0,0,0,https://x.com/undefined/status/1719591974142095811,1.59859E+18,
kurikulum-baru_8.csv,1.71953E+18,Wed Nov 01 21:46:06 +0000 2023,3,@ConversationIDN Sebenarnya kurikulum ganti Krn setiap generasi &amp; zaman berbeda. Yg TDK berubah dr pendidikan Indonesia adalah KKN dlm sistem pendidikan &amp; dualisme otoritas pendidikan yg menambah benang kusut,1.71983E+18,,ConversationIDN,in,,0,0,0,https://x.com/undefined/status/1719833215018652114,1449053263,
kurikulum-baru_8.csv,1.71953E+18,Wed Nov 01 04:21:11 +0000 2023,2,@ConversationIDN ganti ganti kebijakan menyebabkan muridnya plin plan,1.71957E+18,,ConversationIDN,in,,0,0,0,https://x.com/undefined/status/1719570254807052427,1.43777E+18,
kurikulum-baru_8.csv,1.71953E+18,Wed Nov 01 04:31:58 +0000 2023,0,@ConversationIDN Merdeka Belajar RIBET!!!! kurikulum JADI PROYEK DI INDONESIA,1.71957E+18,,ConversationIDN,in,,0,0,1,https://x.com/undefined/status/1719572970656743518,95188606,
kurikulum-baru_8.csv,1.71953E+18,Wed Nov 01 09:11:56 +0000 2023,2,@ConversationIDN Ganti kurikulum karena ada dana baru mungkin ya ,1.71964E+18,,ConversationIDN,in,,0,0,0,https://x.com/undefined/status/1719643425388237116,7.45736E+17,
kurikulum-baru_8.csv,1.71953E+18,Wed Nov 01 04:54:06 +0000 2023,1,@ConversationIDN Jawabannya satu; PROYEK!,1.71958E+18,,ConversationIDN,in,,0,0,0,https://x.com/undefined/status/1719578539534766220,2604993998,
kurikulum-baru_8.csv,1.71953E+18,Wed Nov 01 21:18:31 +0000 2023,1,@ConversationIDN Proyek,1.71983E+18,,ConversationIDN,in,,0,0,0,https://x.com/undefined/status/1719826273747472629,122124211,
kurikulum-baru_8.csv,1.71953E+18,Wed Nov 01 08:03:32 +0000 2023,0,@ConversationIDN Menurut saya perubahan kurikulum itu keniscayaan. Toh negara kita masih hijau. Masih perlu banyak belajar dari kesalahan sampai nanti bisa menerapkan yg benar-benar tepat dan cocok sistematis dan berkelanjutan. Semoga.,1.71963E+18,,ConversationIDN,in,,0,0,0,https://x.com/undefined/status/1719626210903482511,88112824,
kurikulum-baru_8.csv,1.71953E+18,Wed Nov 01 10:33:32 +0000 2023,0,@ConversationIDN @anggitpngstu,1.71966E+18,,ConversationIDN,qam,,0,0,0,https://x.com/undefined/status/1719663959039729720,194957971,
kurikulum-baru_8.csv,1.71953E+18,Wed Nov 01 14:09:56 +0000 2023,0,@ConversationIDN bukan cuma kurikulum min pola ini kelihatan hampir di semua aspek yang diatur pemerintah. pemimpin baru nggak melanjutkan program kerja pemimpin sebelumnya,1.71972E+18,,ConversationIDN,in,,0,0,0,https://x.com/undefined/status/1719718420739129784,266856019,
kurikulum-baru_8.csv,1.71953E+18,Wed Nov 01 16:20:30 +0000 2023,0,@ConversationIDN Biasanya sekolah swasta apalagi yang internasional ga ngikutin kurikulum indonesia,1.71975E+18,,ConversationIDN,in,,0,0,0,https://x.com/undefined/status/1719751276177785042,635995777,
kurikulum-baru_8.csv,1.71953E+18,Wed Nov 01 17:42:41 +0000 2023,0,@ConversationIDN Lagi asyik²nya kurikulum merdeka.... tolong terusin program2nya jangan maen ubah² seenaknya CGP PP SP PPG....,1.71977E+18,,ConversationIDN,in,,0,0,0,https://x.com/undefined/status/1719771958945169584,1.64077E+18,
kurikulum-baru_8.csv,1.71953E+18,Wed Nov 01 20:50:51 +0000 2023,0,@ConversationIDN wkwkwkw buku k13 aja belom sampe kelar tu revisi dah ganti aja nih ntar gatau deh menteri yg baru pasti ganti lagi.,1.71982E+18,,ConversationIDN,in,,0,0,0,https://x.com/undefined/status/1719819312628908429,231694873,
kurikulum-baru_8.csv,1.71953E+18,Thu Nov 02 00:16:02 +0000 2023,0,@ConversationIDN Setuju ganti kurikulum itu wajib sih minimal revisit tiap 2-3 tahun...,1.71987E+18,,ConversationIDN,in,,0,0,0,https://x.com/undefined/status/1719870949607240076,1.60425E+18,
kurikulum-baru_9.csv,1.78588E+18,Thu May 02 04:37:59 +0000 2024,25,@maidina__ Berarti aku bs cukup bangga sama anakku yg pilih aktif di organisasi n masuk Kongres skrg Ia bilang drpd magang. Memang dikit peminatnya. Kata teman2nya jg ia banyak baco*‍️,1.78589E+18,,maidina__,in,,1,1,0,https://x.com/undefined/status/1785891460338024539,93788107,
kurikulum-baru_9.csv,1.78588E+18,Thu May 02 12:16:31 +0000 2024,4,@maidina__ Sebelum ada kurikulum itu ada kok ungkapan-ungkapan mahasiswa angkatan tua/alumni ngapain ya dulu gue sibuk bgt di organisasi/himpunan ini itu? Bisa aja memang dapet sibuknya doang value addednya gak seberapa(?),1.78601E+18,,maidina__,in,,0,2,0,https://x.com/undefined/status/1786006855032131707,139976161,
kurikulum-baru_9.csv,1.78588E+18,Thu May 02 16:04:20 +0000 2024,4,@maidina__ Ya jelas males ikut organisasi isinya orang ga jelas ini pendapat &amp; pengalaman pribadi. Tapi juga bukan mending ikut magang berbayar. Kalo saya malah berakhir di organisasi non-kampus yg member &amp; lingkungannya jelas lebih bener buat masa depan.,1.78606E+18,,maidina__,in,,0,0,0,https://x.com/undefined/status/1786064187791495209,1.70054E+18,
kurikulum-baru_9.csv,1.78588E+18,Thu May 02 05:24:24 +0000 2024,3,@maidina__ Masalah senioritas di organisasi jg jadi faktor.. senior gagal membuat kemnyaman dalam berorganisasi,1.7859E+18,,maidina__,in,,0,0,0,https://x.com/undefined/status/1785903144683376661,177028699,
kurikulum-baru_9.csv,1.78588E+18,Thu May 02 05:31:56 +0000 2024,1,@maidina__ benerrr krn biaya kuliah yg mahal jd banyak mahasiswa yg mikir ahelah ngapain buang2 waktu buat mikirin ginian yg gak ada uangnya mending kerja. gak salah krn mereka jg butuh uang,1.78591E+18,,maidina__,in,,0,0,1,https://x.com/undefined/status/1785905038155784323,74956077,
kurikulum-baru_9.csv,1.78588E+18,Thu May 02 07:31:07 +0000 2024,3,@maidina__ Mungkin mereka (maba) lebih realistis sekarang. So called aktivis angkatan lama yg populer malah ikut2an politik praktis dan bukannya ngerubah malah terjangkit ama boroknya sistem. Ya mending kuliah buat cari duit sebanyak2nya,1.78594E+18,,maidina__,in,,0,0,0,https://x.com/undefined/status/1785935033024516583,231006442,
kurikulum-baru_9.csv,1.78588E+18,Thu May 02 05:32:07 +0000 2024,2,@maidina__ Mahasiswa dibuat sibuk dengan segala kegiatan magang lah studi independen pkl dan segala kegiatan2 terbaru biar gk ada waktu buat Aktivitas ... ,1.78591E+18,,maidina__,in,,0,0,0,https://x.com/undefined/status/1785905084490240434,1.56541E+18,
kurikulum-baru_9.csv,1.78588E+18,Thu May 02 05:37:49 +0000 2024,2,@maidina__ stigma termasuk budaya dibeberapa organisasi kampus kita emang kurang efektif dalam maksimalin kesempatan rapatnya jadi duri tersendiri yg buat mahasiswa ga tertarik ambil bagian dinamika disana,1.78591E+18,,maidina__,in,,0,0,0,https://x.com/undefined/status/1785906520657678727,1.48369E+18,
kurikulum-baru_9.csv,1.78588E+18,Thu May 02 05:46:05 +0000 2024,0,@maidina__ Ditambah stigma aktivisme yang dipandang jelek sama mahasiswa saat ini (rambut gondrong bau dianggap ndakik ndakik tanpa solusi donatur kampus susah lulus dsb),1.78591E+18,,maidina__,in,,0,0,1,https://x.com/undefined/status/1785908602034925783,1.14095E+18,
kurikulum-baru_9.csv,1.78588E+18,Thu May 02 12:39:21 +0000 2024,2,@maidina__ Organisasi ya harus disiplin jangan sk ngaret dan efektif manfaatin waktu. Kan banyak di sini organisasi mahasiswa yg rapat sampe malem tapi ga ada isinya.,1.78601E+18,,maidina__,in,,0,0,0,https://x.com/undefined/status/1786012601866141865,1704061873,
kurikulum-baru_9.csv,1.78588E+18,Thu May 02 17:36:52 +0000 2024,2,@maidina__ ya gmn ya ga sedikit yg review punya banyak pengalaman organisasi &amp; jabatan mentereng tp ga berarti apa2 pas lamar kerja. Udh capek2 modal tenaga pikiran &amp; duit eh yg lebih dipilih kandidat yg minim organisasi tp banyak pengalaman kerja. Blm lg kl magangnya bisa dpt duit,1.78609E+18,,maidina__,in,,0,0,0,https://x.com/undefined/status/1786087473250197625,1.23433E+18,
kurikulum-baru_9.csv,1.78588E+18,Fri May 03 11:37:17 +0000 2024,2,@maidina__ Diskursus yg menarik. Ini POV sy ya. Semakin lama perkembangan dunia butuh org yg spesialis. Salah satu sebabnya peningkatan populasi medsos dll (butuh kajian khusus hanya dugaan). Masa2 aktivis organisasi itu sdh lewat. Bukan tidak ada aktivis. Tp ya org2 (cont),1.78636E+18,,maidina__,in,,0,1,0,https://x.com/undefined/status/1786359368583418306,1313777450,
kurikulum-baru_9.csv,1.78588E+18,Thu May 02 05:23:15 +0000 2024,1,@maidina__ Beberapa tahun kebelakang susah banget regenerasi karena Covid sekarang susah karena saingannya MSIB. Tapi syukurlah masih ada Mahasiswa S2 yang masih mau aktif berorganisasi diluar kampus.,1.7859E+18,,maidina__,in,,0,0,0,https://x.com/undefined/status/1785902855804919881,1.608E+18,
kurikulum-baru_9.csv,1.78588E+18,Thu May 02 06:39:07 +0000 2024,1,@maidina__ Betul organisasi kebanyakan mati. Dan yang cukup sadar untuk ikut organisasi pun akhirnya harus abstain ketika sudah waktunya mengingat kampus merdeka itu wajib diikuti di beberapa kampus. Belum lagi SK rektor yang mewajibkan ini dan itu sebagai syarat lulus...,1.78592E+18,,maidina__,in,,0,0,0,https://x.com/undefined/status/1785921947764977821,7.60261E+17,
kurikulum-baru_9.csv,1.78588E+18,Thu May 02 07:46:39 +0000 2024,1,@maidina__ Beg to differ. Blaming sesuatu mmg easier. Root causenya beyond that [hipotesis w] ndak terbiasa utk independent-thinking(?) end up follow the crowd combined w/ FOMO FOPO boom. Dunno kindly cmiiw,1.78594E+18,,maidina__,en,,0,1,0,https://x.com/undefined/status/1785938939804872710,1.43957E+18,
kurikulum-baru_9.csv,1.78588E+18,Thu May 02 13:16:13 +0000 2024,1,@maidina__ Lingkaran setan sih. Perusahaan maunya sarjana bukan diploma apalagi SMK orang terpaksa kuliah untuk dapat sarjana agar bisa kerja kampus mau ga mau menyesuaikan agar laku dan menarik minat mahasiswa. Pemerintah jadinya mendukung siklus ini agar angka pengangguran menurun ,1.78602E+18,,maidina__,in,,0,0,0,https://x.com/undefined/status/1786021881000427919,70039510,
kurikulum-baru_9.csv,1.78588E+18,Thu May 02 16:54:48 +0000 2024,1,@maidina__ Emang aktivis setelah lulus yg lama jadi apa? Jadi poli-tikus yg ujung nya gadai kan idealisme juga Kasih contoh aktivis berprestasi yg sukses selain jd poli-tikus kl kt bambang pacul jd Korea ,1.78608E+18,,maidina__,in,,0,1,0,https://x.com/undefined/status/1786076886369722799,1.6204E+18,
kurikulum-baru_9.csv,1.78588E+18,Thu May 02 22:05:37 +0000 2024,1,@maidina__ Kan memang tujuan oendidikan kita mencetak mitra tangguh disegala kondisi untuk kemajuan korporasi,1.78616E+18,,maidina__,in,,0,0,0,https://x.com/undefined/status/1786155108985717102,115047780,
kurikulum-baru_9.csv,1.78588E+18,Thu May 02 05:09:39 +0000 2024,0,@maidina__ Organ ekstra atau intra yang benar-benar kritis dan jelas visinya itu pada ditendangin ama kampus tinggal sisa sisa organ gak jelas. Makanya gua sebagai mahasiswa malas ikut organ organ mahasiwa yang ada di kampus.,1.7859E+18,,maidina__,in,,0,0,0,https://x.com/undefined/status/1785899430962737175,1.68348E+18,
kurikulum-baru_9.csv,1.78588E+18,Thu May 02 06:35:55 +0000 2024,0,@maidina__ Nyari mahasiswa untuk masuk organisasi itu basically sama kyk hiring orang buat company. Justru malah bagus kalau bisa positioning-nya beda bomat dgn kurikulumnya Dulu mimpin organisasi yg nerd-nya minta ampun - tapi hiring pipeline kami masih aman dn org-nya populer.,1.78592E+18,,maidina__,in,,0,0,0,https://x.com/undefined/status/1785921141842039170,1.31568E+18,
kurikulum-baru_9.csv,1.78588E+18,Thu May 02 12:26:19 +0000 2024,0,@maidina__ @sughafaiz10,1.78601E+18,,maidina__,qam,,0,1,0,https://x.com/undefined/status/1786009323946307729,1.60377E+18,
kurikulum-baru_9.csv,1.78588E+18,Thu May 02 05:19:39 +0000 2024,0,@maidina__ @strike_bravo_b @RadityoDharmaP @nurfaiq_azzamd,1.7859E+18,,maidina__,qam,,0,0,0,https://x.com/undefined/status/1785901948274962642,1.56881E+18,
kurikulum-baru_9.csv,1.78588E+18,Thu May 02 05:36:48 +0000 2024,0,@maidina__ Tebak pelaku industri juga menganggap dgn kurikulum banci ini justru tidak cocok juga,1.78591E+18,,maidina__,in,,0,0,0,https://x.com/undefined/status/1785906263211249922,72884031,
kurikulum-baru_9.csv,1.78588E+18,Thu May 02 05:41:25 +0000 2024,0,@maidina__ kurikulum baru? kan udah dri lama pendidikan kita disiapin buat menciptakan tenaga kerja hehe,1.78591E+18,,maidina__,in,,0,0,0,https://x.com/undefined/status/1785907426442834333,8.26363E+17,
kurikulum-baru_9.csv,1.78588E+18,Thu May 02 05:49:31 +0000 2024,0,@maidina__ Selain itu terkadang anak ormawa nya juga yg bikin kesel. Trauma dari pkkmb masih melekat ke mereka kecuali orang-orang yg emang dekat sama kating ormawa. Ya mending milih nyari duit dari magang,1.78591E+18,,maidina__,in,,0,0,0,https://x.com/undefined/status/1785909463742116281,9.83287E+17,
kurikulum-baru_9.csv,1.78588E+18,Thu May 02 05:56:06 +0000 2024,0,@maidina__ Yee di organisasi udah capek keluar duit ga dapet apa-apaan lagi,1.78591E+18,,maidina__,in,,0,0,0,https://x.com/undefined/status/1785911122467676354,1.51671E+18,
kurikulum-baru_9.csv,1.78588E+18,Thu May 02 06:04:03 +0000 2024,0,@maidina__ Meh at least I'm paid for being industrialist machine cog,1.78591E+18,,maidina__,en,,0,0,0,https://x.com/undefined/status/1785913121946886172,1.44689E+18,
kurikulum-baru_9.csv,1.78588E+18,Thu May 02 06:04:12 +0000 2024,0,@maidina__ Yaaa gimana ya kak,1.78591E+18,,maidina__,in,,0,0,0,https://x.com/undefined/status/1785913159469224089,370533313,
kurikulum-baru_9.csv,1.78588E+18,Thu May 02 06:08:09 +0000 2024,0,@maidina__ @opinipartek,1.78591E+18,,maidina__,qam,,0,0,0,https://x.com/undefined/status/1785914153250758828,1.0341E+18,
kurikulum-baru_9.csv,1.78588E+18,Thu May 02 06:19:08 +0000 2024,0,@maidina__ ukt mahal rumah mahal apa-apa semakin mahal. jadi ya organisasi sekarang itu tempat menuhin cv supaya siap dan eligible jadi calon buruh aja selama masi digaji orang kita semua buruh kan?,1.78592E+18,,maidina__,in,,0,0,0,https://x.com/undefined/status/1785916919029407975,9.78468E+17,
kurikulum-baru_9.csv,1.78588E+18,Thu May 02 06:48:17 +0000 2024,0,@maidina__ walah emang dimana2 bgini juga yah,1.78592E+18,,maidina__,in,,0,0,0,https://x.com/undefined/status/1785924253076119568,1.2693E+18,
,,,,,,,,,,,,,,,
,,,,,,,,,,,,,,,
,,,,,,,,,,,,,,,
,,,,,,,,,,,,,,,
,,,,,,,,,,,,,,,
,,,,,,,,,,,,,,,
,,,,,,,,,,,,,,,
,,,,,,,,,,,,,,,
,,,,,,,,,,,,,,,
,,,,,,,,,,,,,,,
,,,,,,,,,,,,,,,
,,,,,,,,,,,,,,,
,,,,,,,,,,,,,,,
,,,,,,,,,,,,,,,
,,,,,,,,,,,,,,,
,,,,,,,,,,,,,,,
,,,,,,,,,,,,,,,
,,,,,,,,,,,,,,,
,,,,,,,,,,,,,,,
,,,,,,,,,,,,,,,
,,,,,,,,,,,,,,,
,,,,,,,,,,,,,,,
,,,,,,,,,,,,,,,
,,,,,,,,,,,,,,,
,,,,,,,,,,,,,,,
,,,,,,,,,,,,,,,
,,,,,,,,,,,,,,,
,,,,,,,,,,,,,,,
,,,,,,,,,,,,,,,
,,,,,,,,,,,,,,,
,,,,,,,,,,,,,,,
,,,,,,,,,,,,,,,
,,,,,,,,,,,,,,,
,,,,,,,,,,,,,,,
,,,,,,,,,,,,,,,
,,,,,,,,,,,,,,,
,,,,,,,,,,,,,,,
,,,,,,,,,,,,,,,
,,,,,,,,,,,,,,,
,,,,,,,,,,,,,,,
,,,,,,,,,,,,,,,
,,,,,,,,,,,,,,,
,,,,,,,,,,,,,,,
,,,,,,,,,,,,,,,
,,,,,,,,,,,,,,,
,,,,,,,,,,,,,,,
,,,,,,,,,,,,,,,
,,,,,,,,,,,,,,,
,,,,,,,,,,,,,,,
,,,,,,,,,,,,,,,
,,,,,,,,,,,,,,,
,,,,,,,,,,,,,,,
,,,,,,,,,,,,,,,
,,,,,,,,,,,,,,,
