Source.Name;conversation_id_str;created_at;favorite_count;full_text;id_str;image_url;in_reply_to_screen_name;lang;location;quote_count;reply_count;retweet_count;tweet_url;user_id_str;username;clean_text
tantangan_guru_kurikulum_1.csv;1.52646e+18;Tue May 17 10:11:51 +0000 2022;3;@rahmatsn Cocok ketua kedua ortu saya guru SD. 4 org kakak saya sekolahnya kelar semua. Petani terbantu dgn KUD. Btw Era Pk Harto udah kuliah bah jadi segan kali awak. Sering ngeledekin pula.;1.52651e+18;;rahmatsn;in;;0;2;0;https://x.com/undefined/status/1526505770262863873;9.46072e+17;;cocok ketua dua ortu saya guru sd org kakak saya sekolah kelar semua tani bantu kud btw era pk harto kuliah bah segan kali awak sering ngeledekin pula
tantangan_guru_kurikulum_1.csv;1.52646e+18;Tue May 17 08:18:37 +0000 2022;2;@rahmatsn @TongSate Kayanya dia menderita banget mungkin keluarganya termasuk yg dibatasi krn terlibat G30S makanya hidupnya susah ;1.52648e+18;;rahmatsn;in;;0;0;1;https://x.com/undefined/status/1526477274262171648;131829664.0;;kaya dia derita sangat mungkin keluarga masuk batas krn libat g s makanya hidup susah
tantangan_guru_kurikulum_1.csv;1.52646e+18;Tue May 17 08:14:04 +0000 2022;1;@rahmatsn Pertanyaan orang kufur nikmat ya begonoh bang;1.52648e+18;;rahmatsn;in;;0;0;0;https://x.com/undefined/status/1526476128059535360;1.10755e+18;;tanya orang kufur nikmat begonoh bang
tantangan_guru_kurikulum_1.csv;1.52646e+18;Wed May 18 08:26:00 +0000 2022;1;@rahmatsn @BERKARYA_NET Masuk kuliah cm bayar 250rb termasuk jas almamater plus jas praktikum. Anak kami sekarang bayar 5jt/semester.;1.52684e+18;;rahmatsn;in;;0;0;0;https://x.com/undefined/status/1526841520284127233;1.37799e+18;;masuk kuliah cm bayar rb masuk jas almamater plus jas praktikum anak kami sekarang bayar jt semester
tantangan_guru_kurikulum_1.csv;1.52646e+18;Tue May 17 11:49:18 +0000 2022;0;@rahmatsn seprtinya si eson emang bakat orang susah.;1.52653e+18;;rahmatsn;in;;0;0;0;https://x.com/undefined/status/1526530296538992640;40159779.0;;seprtinya eson emang bakat orang susah
tantangan_guru_kurikulum_1.csv;1.52646e+18;Wed May 18 22:06:23 +0000 2022;0;@rahmatsn @imbangimedia Sy berempat bersaudara sarjana semua Krn biaya kuliah murah di era p harto beda dgn jaman Kuya eson semua serba mahal baik PTN maupun PTS;1.52705e+18;;rahmatsn;in;;0;1;0;https://x.com/undefined/status/1527047978296688640;1.4978e+18;;sy empat saudara sarjana semua krn biaya kuliah murah era p harto beda jaman kuya eson semua serba mahal baik ptn maupun pts
tantangan_guru_kurikulum_1.csv;1.52646e+18;Sun May 22 07:00:22 +0000 2022;0;@rahmatsn @BERKARYA_NET Orderx baru sy bisa merasakan sekolah gratis bahan dpt fasilitas dr ujung rambut smpe ujung kaki smua gratis faham skrg jilat tu pantat...;1.52827e+18;;rahmatsn;in;;0;0;0;https://x.com/undefined/status/1528269520267530241;1.08337e+18;;orderx baru sy bisa rasa sekolah gratis bahan dpt fasilitas ujung rambut smpe ujung kaki smua gratis faham skrg jilat tu pantat
tantangan_guru_kurikulum_10.csv;1.84822e+18;Mon Oct 21 06:43:20 +0000 2024;110;@elisa_jkt kalau gak salah sekolah ada penilaian dimana kalau anak didik gak naik kelas / lulus jadi nilai bruk sekolah guru gak bisa negur / kasih hukuman ortu sekarang anak nya dihukum (walau bkn fisik) malah membela. kombinasi yang sempurna.;1.84825e+18;;Hasta__Asta;in;;1;5;7;https://x.com/undefined/status/1848253720905347328;1497759392.0;;kalau gak salah sekolah ada nilai mana kalau anak didik gak naik kelas lulus nilai bruk sekolah guru gak bisa negur kasih hukum ortu sekarang anak hukum walau bkn fisik malah bela kombinasi sempurna
tantangan_guru_kurikulum_10.csv;1.84822e+18;Mon Oct 21 10:43:03 +0000 2024;42;@Hasta__Asta @elisa_jkt Ank kls 7 aj msih ada yg gk hafal perkalian pembagian angka 2 pdhl Pdhl dlu zamanku kls 2 udh wajib bisa perkalian. Tiap hari mencongak skrg mana ada mencongak? ;1.84831e+18;;Hasta__Asta;in;;2;6;0;https://x.com/undefined/status/1848314047701328285;3813883572.0;;ank kls aj msih ada hafal kali bagi angka pdhl pdhl dlu zaman kls udh wajib bisa kali tiap hari congak skrg mana ada congak
tantangan_guru_kurikulum_10.csv;1.84822e+18;Mon Oct 21 09:41:40 +0000 2024;14;@Hasta__Asta @elisa_jkt aku juga guru les sempet kaget anaknya nggak bisa perkalian padahal kelas 2 SMP untungnya mereka semangat belajar pas sm aku harus dibikin fun tp ttp teges jadi sekarang udh bisa. cuman ya gitu dr seminggu sekali les sampe 3 kali seminggu minimal;1.8483e+18;;Hasta__Asta;in;;0;1;1;https://x.com/undefined/status/1848298597747663166;1.63194e+18;;aku guru les sempet kaget anak nggak bisa kali padahal kelas smp untung mereka semangat ajar pas sm aku harus bikin fun tapi ttp teges sekarang udh bisa cuman begitu minggu sekali les sampe kali minggu minimal
tantangan_guru_kurikulum_10.csv;1.84822e+18;Wed Oct 23 03:04:29 +0000 2024;0;@Hasta__Asta @elisa_jkt Dulu aku sd kelas 3 udh belajar perkalian deh Setiap hari test perkalian setiap mau pulang kalo ga bisa yaa lama pulangnya wkwk;1.84892e+18;;Hasta__Asta;in;;0;1;0;https://x.com/undefined/status/1848923420677091837;1.19861e+18;;dulu aku sd kelas udh ajar kali tiap hari test kali tiap mau pulang kalo bisa yaa lama pulang
tantangan_guru_kurikulum_10.csv;1.84822e+18;Mon Oct 21 11:31:07 +0000 2024;3;@Hasta__Asta @elisa_jkt Ini bener bnget. Aku ngelesi anak klas 8 aja kesusahan perkalian apalagi pembagian. Misal hari ini materi ini besok diulangi lupa. Yg sd juga banyak klas 4 baca blom lancar hitung apalagi. Miris liatnya krn dulu aku ada temen gk bisa baca tinggal klas pas klas 2;1.84833e+18;;Hasta__Asta;in;;0;0;1;https://x.com/undefined/status/1848326145042948368;1.26143e+18;;bener bnget aku ngelesi anak klas susah kali apalagi bagi misal hari materi besok ulang lupa sd banyak klas baca blom lancar hitung apalagi miris liat krn dulu aku ada temen bisa baca tinggal klas pas klas
tantangan_guru_kurikulum_10.csv;1.84822e+18;Mon Oct 21 09:54:37 +0000 2024;2;@Hasta__Asta @elisa_jkt cerita dari guru les adekku yg tk kalau anak2 sekarang bener2 kaya gapaham pelajaran sendiri. Dibolehin bawa pr ke tempat les eh malah sengaja ga ngerjain sampe udh tinggal sejam masuk sekolah dan bukan jadwal dia les tuh dateng ka ke tempat lesnya minta dikerjakan prnya!;1.8483e+18;;Hasta__Asta;in;;0;0;1;https://x.com/undefined/status/1848301859808964672;9.93772e+17;;cerita guru les adekku tk kalau anak sekarang bener kaya gapaham ajar sendiri dibolehin bawa pr tempat les eh malah sengaja ngerjain sampe udh tinggal jam masuk sekolah bukan jadwal dia les tuh dateng ka tempat les minta kerja prnya
tantangan_guru_kurikulum_10.csv;1.84822e+18;Mon Oct 21 10:45:29 +0000 2024;1;@Hasta__Asta @elisa_jkt Aku juga guru les murid aku kelas 6sd gak hapal2 perkalian. Padahal udah aku suruh hafalin berkali2 pas hari hafalin sih hafal tp pas besoknya udah lupa lagi. hafalin perkalian aja ga apal2 apalagi rumus bangun2 gereget bgt rasanya mo nangis.. susah bgt bocah jaman sekarang ;1.84831e+18;;Hasta__Asta;in;;0;2;1;https://x.com/undefined/status/1848314659096633459;1.19679e+18;;aku guru les murid aku kelas sd gak hapal kali padahal aku suruh hafalin kali pas hari hafalin sih hafal tapi pas besok lupa hafalin kali apal apalagi rumus bangun gereget bgt rasa mo nang susah bgt bocah jaman sekarang
tantangan_guru_kurikulum_10.csv;1.84822e+18;Mon Oct 21 12:26:47 +0000 2024;1;@Hasta__Asta @elisa_jkt saya juga ngajar les kelas 6 faktanya emg banyak siswa yg blm hapal perkalian/gabisa ngerjain soal pembagian;1.84834e+18;;Hasta__Asta;in;;0;0;1;https://x.com/undefined/status/1848340153431146895;1.2659e+18;;saya ngajar les kelas fakta emg banyak siswa hapal kali gabisa ngerjain soal bagi
tantangan_guru_kurikulum_10.csv;1.84822e+18;Mon Oct 21 14:17:52 +0000 2024;1;@Hasta__Asta @elisa_jkt Aku guru Les fisika pusing bgt hrs ajarin basic math pecahan pindah ruas perkalian pdhl harusnya tinggal jelasin fisikanya aja ;1.84837e+18;;Hasta__Asta;in;;0;1;1;https://x.com/undefined/status/1848368107955593450;73162065.0;;aku guru les fisika pusing bgt hrs ajarin basic math pecah pindah ruas kali pdhl harus tinggal jelasin fisika
tantangan_guru_kurikulum_10.csv;1.84822e+18;Mon Oct 21 10:40:58 +0000 2024;1;@Hasta__Asta @elisa_jkt Sodara sepupu suamiku kelas 4sd gak bisa nyebutin urutan bulan dari januari-desember;1.84831e+18;;Hasta__Asta;in;;0;1;0;https://x.com/undefined/status/1848313521601454565;1.6076e+18;;sodara sepupu suami kelas sd gak bisa nyebutin urut bulan januari desember
tantangan_guru_kurikulum_10.csv;1.84822e+18;Mon Oct 21 13:53:19 +0000 2024;1;@Hasta__Asta @elisa_jkt ka ini benerr aku ikut kampus mengajar d sd. anak2nya pada ga bisa pertambahan apalagi perkalian. ini aku masih ngajar d daerah kota bandung apalagi yg d pelosok2 gimana susahnyaaa.. miris bgt liat pendidikan skrgg;1.84836e+18;;Hasta__Asta;in;;0;0;0;https://x.com/undefined/status/1848361929594765355;1.61601e+18;;ka benerr aku ikut kampus ajar d sd anak bisa tambah apalagi kali aku masih ngajar d daerah kota bandung apalagi d pelosok gimana susah miris bgt liat didik skrgg
tantangan_guru_kurikulum_10.csv;1.84822e+18;Tue Oct 22 10:11:45 +0000 2024;1;@Hasta__Asta @elisa_jkt Bukan gagal kak tapi emang kurikulum nadiem belum pantas untuk diterapkan di Indo dengan SDM yg seperti ini. Sedangkan di luar kurikulum seperti ini bagus karena SDM yg mumpuni. Ga bisa nyalahin guru full tapi peran ortu penting juga skrg apalagi pengaruh teknologi;1.84867e+18;;Hasta__Asta;in;;0;0;0;https://x.com/undefined/status/1848668558953447793;1.4304e+18;;bukan gagal kak tapi emang kurikulum nadiem pantas terap indo sdm seperti sedang luar kurikulum seperti bagus sdm mumpuni bisa nyalahin guru full tapi peran ortu penting skrg apalagi pengaruh teknologi
tantangan_guru_kurikulum_10.csv;1.84822e+18;Mon Oct 21 07:26:05 +0000 2024;0;@Hasta__Asta @elisa_jkt istiqfar T_________________T serem amaaattttt;1.84826e+18;;Hasta__Asta;en;;0;0;0;https://x.com/undefined/status/1848264477374124072;36536604.0;;istiqfar t t rem amat
tantangan_guru_kurikulum_10.csv;1.84822e+18;Mon Oct 21 09:14:05 +0000 2024;0;@Hasta__Asta @elisa_jkt Hoax..;1.84829e+18;;Hasta__Asta;es;;0;3;0;https://x.com/undefined/status/1848291657407660197;1.54028e+18;;hoax
tantangan_guru_kurikulum_10.csv;1.84822e+18;Mon Oct 21 09:19:25 +0000 2024;0;@Hasta__Asta @elisa_jkt Salah satu anak gw punn ada yg blom bisa pembagiann dan ga hapal perkalian miriss bgtt ya Allahh mau ngajarin ke hal lain pun mandegg karena yg paling dasarnya blum bisa semangattt para side jobnya guru les ;1.84829e+18;;Hasta__Asta;in;;0;0;0;https://x.com/undefined/status/1848292999215849759;1.25395e+18;;salah satu anak gw punn ada blom bisa pembagiann hapal kali miriss bgtt allahh mau ngajarin hal lain mandegg paling dasar blum bisa semangat para side jobnya guru les
tantangan_guru_kurikulum_10.csv;1.84822e+18;Mon Oct 21 09:46:29 +0000 2024;0;@Hasta__Asta @elisa_jkt aku juga guru les dapet murid kelas 1 belum bisa baca dan tulis jadinya buku catatan ngga pernah lengkap selalu ketinggalan di sekolah mana sekarang sekolah negeri ga dapet lks jadinya agak susah ngajarinnya;1.8483e+18;;Hasta__Asta;in;;0;1;0;https://x.com/undefined/status/1848299810862018638;4915761818.0;;aku guru les dapet murid kelas bisa baca tulis jadi buku catat ngga pernah lengkap selalu tinggal sekolah mana sekarang sekolah negeri dapet lks jadi agak susah ngajarinnya
tantangan_guru_kurikulum_10.csv;1.84822e+18;Mon Oct 21 10:48:27 +0000 2024;0;@Hasta__Asta @elisa_jkt Kurimulum merdwka baru tiga tahun berjalan nah anak kelas 5 itu saat kelas 1 yah pas covid learning loss...kok.disalahin kirikjlumnya? Dasar;1.84832e+18;;Hasta__Asta;in;;0;1;0;https://x.com/undefined/status/1848315405389246882;1.46932e+18;;kurimulum merdwka baru tiga tahun jalan anak kelas saat kelas yah pas covid learning loss disalahin kirikjlumnya dasar
tantangan_guru_kurikulum_10.csv;1.84822e+18;Tue Oct 22 03:23:02 +0000 2024;0;@Hasta__Asta @elisa_jkt Setujuuu basic yang seharusnya di kuasai anak dari dasarnya aja gak bisa di dapet anak. Kreativitas muncul karena proyek tetapi basic nya noll;1.84857e+18;;Hasta__Asta;in;;0;0;0;https://x.com/undefined/status/1848565699595456516;1.23261e+18;;tuju basic harus kuasa anak dasar gak bisa dapet anak kreativitas muncul proyek tetapi basic noll
tantangan_guru_kurikulum_10.csv;1.84822e+18;Tue Oct 22 03:32:51 +0000 2024;0;@Hasta__Asta @elisa_jkt Tetangga sy smp penjumlahan dan pengurangan ajh msh menggunakan jari miriss bgtt;1.84857e+18;;Hasta__Asta;in;;0;0;0;https://x.com/undefined/status/1848568170728329503;1.6286e+18;;tetangga sy smp jumlah kurang ajh msh guna jari miriss bgtt
tantangan_guru_kurikulum_10.csv;1.84822e+18;Tue Oct 22 15:49:21 +0000 2024;0;@Hasta__Asta @elisa_jkt Gue dlu pas sd kls 3 klo mau pulang hrus jwb quiz perkalian dlu bru boleh tu keluar kelas yg bener jwbnya ini baca komen ad yg gbsa perkalian di kls 2 smp tuu gmnn woii;1.84875e+18;;Hasta__Asta;in;;0;0;0;https://x.com/undefined/status/1848753517152112903;1.81411e+18;;saya dlu pas sd kls kalau mau pulang hrus jwb quiz kali dlu bru boleh tu keluar kelas bener jwbnya baca komen ad gbsa kali kls smp tuu gmnn woii
tantangan_guru_kurikulum_10.csv;1.84822e+18;Tue Oct 22 22:58:32 +0000 2024;0;@Hasta__Asta @elisa_jkt tapi knp menyalahkan kurikulum? Bukannya faktor orang tua dan gru jga pnting? Kalo kurikulum gagal berarti semua anak ga bisa perkalian dong ini kan hanya bbrapa individu sja. Kemauan dri diri sendiri untuk bisa jga penting klo ga ada kemauan dri diri untuk belajar ya gimana?;1.84886e+18;;Hasta__Asta;in;;0;1;0;https://x.com/undefined/status/1848861526343750143;1.11014e+18;;tapi knp salah kurikulum bukan faktor orang tua gru jga pnting kalo kurikulum gagal arti semua anak bisa kali hanya bbrapa individu sja mau dri diri sendiri bisa jga penting kalau ada mau dri diri ajar gimana
tantangan_guru_kurikulum_10.csv;1.84822e+18;Wed Oct 23 00:35:35 +0000 2024;0;@Hasta__Asta @elisa_jkt aku ngajar les anak kelas 4 dia pengurangan masih belum bisa juga;1.84889e+18;;Hasta__Asta;in;;0;0;0;https://x.com/undefined/status/1848885948429570093;1.66562e+18;;aku ngajar les anak kelas dia kurang masih bisa
tantangan_guru_kurikulum_10.csv;1.84822e+18;Wed Oct 23 01:59:14 +0000 2024;0;@Hasta__Asta @elisa_jkt merdeka bgt ;1.84891e+18;;Hasta__Asta;in;;0;0;0;https://x.com/undefined/status/1848906998450176179;1.08321e+18;;merdeka bgt
tantangan_guru_kurikulum_10.csv;1.84822e+18;Wed Oct 23 03:15:52 +0000 2024;0;@Hasta__Asta @elisa_jkt as orang yang bergelut sampingan jadi guru les juga gue mengakui hal ini beneran ada. anak smp penjumlahan aja bener-bener menghitung pake jari itu pun 2 sampe 3 kali duluu sesimpel 9 + 6 wkwk;1.84893e+18;;Hasta__Asta;in;;0;0;0;https://x.com/undefined/status/1848926284614930738;1.24423e+18;;as orang gelut samping guru les saya aku hal beneran ada anak smp jumlah bener bener hitung pake jari sampe kali duluu simpel
tantangan_guru_kurikulum_10.csv;1.84822e+18;Thu Oct 24 23:03:04 +0000 2024;0;"@Hasta__Asta @elisa_jkt Memang bermasalah sejak dulu .. dia dibanggakan krn punya perusahaan dg pendanaan gede: unicorn Pdhl hingga bertahun-tahun sejak berdiri itu perusahaan msh bakar duit. Laba minus. Sdh listing d BEI &amp; merger dg sesama unicorn pun msh minus Disuruh urus pendidikan ya kacau";1.84959e+18;;Hasta__Asta;in;;0;0;0;https://x.com/undefined/status/1849587440086142980;1.56338e+18;;memang masalah sejak dulu dia bangga krn punya usaha dana gede unicorn pdhl hingga tahun tahun sejak diri usaha msh bakar duit laba minus listing d bei amp merger sama unicorn msh minus suruh urus didik kacau
tantangan_guru_kurikulum_10.csv;1.84822e+18;Mon Oct 21 14:02:37 +0000 2024;1;"@Hasta__Asta @elisa_jkt Sejujurnya kita belum cocok niru Finlandia. Karena kita bukan negara yang rakyatnya sadar pentingnya pendidikan. Aku setuju balik ke sistem UN tidak naik kelas dan rapor merah. Ya setidaknya sebagai orang yang pernah merasakan UN dan rapor merah aku bisa bedain tanjung &amp; selat";1.84836e+18;;Hasta__Asta;in;;0;1;0;https://x.com/undefined/status/1848364268519125418;1.71151e+18;;jujur kita cocok niru finlandia kita bukan negara rakyat sadar penting didik aku tuju balik sistem un naik kelas rapor merah tidak bagai orang pernah rasa un rapor merah aku bisa bedain tanjung amp selat
tantangan_guru_kurikulum_2.csv;1.91211e+18;Wed Apr 16 12:56:03 +0000 2025;24;@ddubbiddubidu @tanyakanrl Yuhu bener banget ditambah gabole ada PR. Untuk SMP itu MTK Umum bahkan rata anak smp skrg gabisa ngitung kaya kali bagi atau operasi bilangan yg ada positif negatif. yg ujungnya guru berulang ngajarin ngitung kembali sementara tetap dituntut ngejar materi :);1.91249e+18;;ddubbiddubidu;in;;0;1;0;https://x.com/undefined/status/1912490168692666720;1.51046e+18;;yuhu bener sangat tambah gabole ada pr smp mtk umum bahkan rata anak smp skrg gabisa ngitung kaya kali bagi operasi bilang ada positif negatif ujung guru ulang ngajarin ngitung kembali sementara tetap tuntut ngejar materi
tantangan_guru_kurikulum_2.csv;1.91211e+18;Wed Apr 16 09:45:25 +0000 2025;15;"@ddubbiddubidu @tanyakanrl Ya memang pemerintah sah terus kerjaannya cuma gantiÂ² kurikulum bukannya dikaji &amp; diperbaiki ga asal ganti apalagi menurut presiden skrg pendidikan ga penting lebih penting makan gratis dah lah";1.91244e+18;;ddubbiddubidu;in;;0;4;0;https://x.com/undefined/status/1912442194990071964;1.17973e+18;;memang perintah sah terus kerja cuma ganti kurikulum bukan kaji amp baik asal ganti apalagi turut presiden skrg didik penting lebih penting makan gratis
tantangan_guru_kurikulum_2.csv;1.91211e+18;Wed Apr 16 14:56:53 +0000 2025;6;@ddubbiddubidu @tanyakanrl 1 lagi. Tidak ada sistem UN jadi anak merasa tidak perlu belajar giat sampai bisa lulus.;1.91252e+18;;ddubbiddubidu;in;;0;1;0;https://x.com/undefined/status/1912520578613027126;1.19315e+18;;ada sistem un anak rasa perlu ajar giat sampai bisa lulus
tantangan_guru_kurikulum_2.csv;1.91211e+18;Wed Apr 16 16:30:54 +0000 2025;1;@ddubbiddubidu @tanyakanrl Setuju banget... Jangankan SMP bahkan tingkat SMK saja ada yg belum bisa baca. Sedih banggeett pas tau hal tsb;1.91254e+18;;ddubbiddubidu;in;;0;1;0;https://x.com/undefined/status/1912544240506482974;1.85508e+18;;tuju sangat jangan smp bahkan tingkat smk ada bisa baca sedih banggeett pas tau hal tsb
tantangan_guru_kurikulum_2.csv;1.91211e+18;Wed Apr 16 14:32:03 +0000 2025;4;@ddubbiddubidu @tanyakanrl Setujuuu.. klo udah pernsh di lapangan pasti tau keluh kesah guru2 ini Mana rata rata dapet anak2 yang speak delay karena dampak corona ;1.91251e+18;;ddubbiddubidu;in;;0;0;1;https://x.com/undefined/status/1912514330270310665;1.40638e+18;;tuju kalau pernsh lapang pasti tau keluh kesah guru mana rata rata dapet anak speak delay dampak corona
tantangan_guru_kurikulum_2.csv;1.91211e+18;Wed Apr 16 15:19:25 +0000 2025;3;@ddubbiddubidu @tanyakanrl Dan faktor ini nambah ortu jd mls didik anak di rmh ada sistem anak nggk naik kelas/nilai mrh aja pasti ada wali murid yg mls didik anak di rmh apa lg yg sekolah di jmn naik kls/nilai di atas kkm tambah makin malesnya;1.91253e+18;;ddubbiddubidu;in;;0;0;1;https://x.com/undefined/status/1912526247512735745;1.43726e+18;;faktor nambah ortu jd mls didik anak rmh ada sistem anak nggk naik kelas nilai mrh pasti ada wali murid mls didik anak rmh lg sekolah jmn naik kls nilai atas kkm tambah makin malesnya
tantangan_guru_kurikulum_2.csv;1.91211e+18;Wed Apr 16 04:10:28 +0000 2025;4;@ddubbiddubidu @tanyakanrl Pendekatan overidealistik Pejabrut yang ga napak tanah. asumsi mereka guru akan mengajar dengan sebaik-baiknya supaya nilai diatas KKM padahal dengan dikasih tekanan kaya gitu sementara yang ngasih nilai itu ya guru juga akhirnya pada ngambil shortcut.;1.91236e+18;;ddubbiddubidu;in;;0;1;0;https://x.com/undefined/status/1912357901026411003;1.50777e+18;;dekat overidealistik pejabrut napak tanah asumsi mereka guru ajar baik baik supaya nilai atas kkm padahal kasih tekan kaya begitu sementara ngasih nilai guru akhir ngambil shortcut
tantangan_guru_kurikulum_2.csv;1.91211e+18;Wed Apr 16 11:45:06 +0000 2025;2;@ddubbiddubidu @tanyakanrl Plus ortu yang denial kalo anaknya abk tetep kekeuh nyekolahin di sekolah umum. Katanya pokoknya lulus. Akhirnya karena guru pun ngajarinnya nggak bisa maksimal (karena harusnya pasti ada teknik khusus buat nanganin anak abk) inputnya si anak bisa baca tapi nggak paham maknanya;1.91247e+18;;ddubbiddubidu;in;;0;0;0;https://x.com/undefined/status/1912472313666093255;1146876139.0;;plus ortu denial kalo anak abk tetep kekeuh nyekolahin sekolah umum kata pokok lulus akhir guru ngajarinnya nggak bisa maksimal harus pasti ada teknik khusus buat nanganin anak abk inputnya anak bisa baca tapi nggak paham makna
tantangan_guru_kurikulum_2.csv;1.91211e+18;Thu Apr 17 04:55:15 +0000 2025;2;@ddubbiddubidu @tanyakanrl ga membela pemerintah juga cuma mau diskusi tapi ada yg salah dan perlu dipertanyakan juga dari peran orang tua/wali si anak ga sih? mereka harusnya orang terdekat yg lebih memperhatikan progress si anak dengan keadaan sistem pendidikan yg begitu;1.91273e+18;;ddubbiddubidu;in;;0;0;0;https://x.com/undefined/status/1912731558483751338;1.29819e+18;;bela perintah cuma mau diskusi tapi ada salah perlu tanya peran orang tua wali anak sih mereka harus orang dekat lebih perhati progress anak ada sistem didik begitu
tantangan_guru_kurikulum_2.csv;1.91211e+18;Wed Apr 16 10:01:50 +0000 2025;1;@ddubbiddubidu @tanyakanrl Ditambah beban administratif beban mental serta bagi guru honorer kompensasi yg didapatkan bahkan tidak cukup memenuhi kebutuhan dasar mereka. Miris.;1.91245e+18;;ddubbiddubidu;in;;0;0;0;https://x.com/undefined/status/1912446325272031577;1.84357e+18;;tambah beban administratif beban mental serta bagi guru honorer kompensasi dapat bahkan cukup penuh butuh dasar mereka miris
tantangan_guru_kurikulum_2.csv;1.91211e+18;Wed Apr 16 16:52:54 +0000 2025;1;@ddubbiddubidu @tanyakanrl Tolong sistem begini dihapus aja lah. Masa iya bisa lulus tanpa memenuhi standar yang sepantasnya? Bikin malu yang ada kalau anak SMP ga bisa baca anak SMA kemampuan ternyata secetek anak SD;1.91255e+18;;ddubbiddubidu;in;;0;1;0;https://x.com/undefined/status/1912549774546645441;1.49658e+18;;tolong sistem begini hapus masa bisa lulus tanpa penuh standar pantas bikin malu ada kalau anak smp bisa baca anak sma mampu nyata cetek anak sd
tantangan_guru_kurikulum_2.csv;1.91211e+18;Wed Apr 16 22:44:50 +0000 2025;1;@ddubbiddubidu @tanyakanrl Calistung gak boleh kak di TK. Doktrinnya tuhh bermain sambil belajar. Tapi yaa kadang bayikk kalo gak mau belajar yaa yowes tinggal bermainnya saja ;1.91264e+18;;ddubbiddubidu;in;;0;0;0;https://x.com/undefined/status/1912638340651970615;244582427.0;;calistung gak boleh kak tk doktrin tuhh main sambil ajar tapi yaa kadang bayikk kalo gak mau ajar yaa yowes tinggal main
tantangan_guru_kurikulum_2.csv;1.91211e+18;Thu Apr 17 01:02:55 +0000 2025;1;@ddubbiddubidu @tanyakanrl Setuju. Belum lagi orang tua yang lepas tanggungjawab. Pas dipanggil nggak datang. Trus guru doang yang ribut ngajarin anak membaca sampai rumah nggak di ulang. PR anak-anak yang ngerjain kakak/abangnya biar cepat selesai doang. Anak yang punya tugas? Main HP dong.;1.91267e+18;;ddubbiddubidu;in;;0;1;0;https://x.com/undefined/status/1912673089873457591;1.42658e+18;;tuju orang tua lepas tanggungjawab pas panggil nggak datang trus guru doang ribut ngajarin anak baca sampai rumah nggak ulang pr anak anak ngerjain kakak abang biar cepat selesai doang anak punya tugas main hp
tantangan_guru_kurikulum_2.csv;1.91211e+18;Thu Apr 17 04:13:16 +0000 2025;1;@ddubbiddubidu @tanyakanrl Ada beberapa kebijakan pemerintah yg amburadul prakteknya 1. Tidak ada sistem tinggal kelas. Bagus sebenarnya. Semua guru SD kelas tinggi pasti tau siswa yg tinggal kelas akan berbeda sendiri baik mental maupun fisik sehingga menimbulkan kesenjangan antar siswa;1.91272e+18;;ddubbiddubidu;in;;0;2;0;https://x.com/undefined/status/1912720994059579705;1.63295e+18;;ada beberapa bijak perintah amburadul praktek ada sistem tinggal kelas bagus benar semua guru sd kelas tinggi pasti tau siswa tinggal kelas beda sendiri baik mental maupun fisik sehingga timbul senjang antar siswa
tantangan_guru_kurikulum_2.csv;1.91211e+18;Wed Apr 16 10:50:49 +0000 2025;0;@ddubbiddubidu @tanyakanrl semuanya salah menteri yg kemaren nih. harus naik kelas lah terus transisi TK ke SD juga repot. di TK gaboleh diajarin baca minimal mengenal suku kata karena pure TAMAN BERMAIN terus menurut lu aje di SD dikira ketok mejik kali 2 hari langsung lancar baca. kocak;1.91246e+18;;ddubbiddubidu;in;;0;0;0;https://x.com/undefined/status/1912458654529589648;1.66642e+18;;semua salah menteri kemaren nih harus naik kelas terus transisi tk sd repot tk gaboleh diajarin baca minimal kenal suku kata pure taman main terus turut kamu aje sd kira ketok mejik kali hari langsung lancar baca kocak
tantangan_guru_kurikulum_2.csv;1.91211e+18;Wed Apr 16 13:02:49 +0000 2025;0;@ddubbiddubidu @tanyakanrl Riiiil;1.91249e+18;;ddubbiddubidu;und;;0;0;0;https://x.com/undefined/status/1912491871542341975;2254761289.0;;ril
tantangan_guru_kurikulum_2.csv;1.91211e+18;Wed Apr 16 22:06:41 +0000 2025;0;@ddubbiddubidu @tanyakanrl Nah yang kaya gini biasanya yang disalahin tetep guru sd/tk;1.91263e+18;;ddubbiddubidu;in;;0;0;0;https://x.com/undefined/status/1912628742498955565;1.16199e+18;;kaya gin biasa disalahin tetep guru sd tk
tantangan_guru_kurikulum_2.csv;1.91211e+18;Wed Apr 16 22:38:35 +0000 2025;0;@ddubbiddubidu @tanyakanrl Betul ada peran kesalahan orangtua tentunya entah prioritas apa yg dijadikan standar smp kemampuan baca tulis saja diabaikan ;1.91264e+18;;ddubbiddubidu;in;;0;0;0;https://x.com/undefined/status/1912636768941482450;1.42676e+18;;betul ada peran salah orangtua tentu entah prioritas jadi standar smp mampu baca tulis abai
tantangan_guru_kurikulum_2.csv;1.91211e+18;Wed Apr 16 22:49:16 +0000 2025;0;@ddubbiddubidu @tanyakanrl Apakah ada teori konspirasi di sengaja aturan gitu kalo banyak orang pinter nanti terlalu kritis dan mengganggu kepentingan. ;1.91264e+18;;ddubbiddubidu;in;;0;0;0;https://x.com/undefined/status/1912639456370389454;264745978.0;;apakah ada teori konspirasi sengaja atur begitu kalo banyak orang pinter nanti terlalu kritis ganggu penting
tantangan_guru_kurikulum_2.csv;1.91211e+18;Thu Apr 17 01:11:39 +0000 2025;0;@ddubbiddubidu @tanyakanrl Itu terjadi di rejim jokowo terutama nadiem. Anak 90an masih pada ngerasain tinggal kelas karena bodo atau nakal.;1.91268e+18;;ddubbiddubidu;in;;0;0;0;https://x.com/undefined/status/1912675291203531188;291017303.0;;jadi rejim jokowo utama nadiem anak an masih ngerasain tinggal kelas bodo nakal
tantangan_guru_kurikulum_2.csv;1.91211e+18;Thu Apr 17 01:44:36 +0000 2025;0;@ddubbiddubidu @tanyakanrl Yg lucu jadi waktu aku tanya ke guru di tk dia bilang kurikulum merdeka tdk boleh maksa anak utk mau melakukan sesuatu jadi terserah anaknya mau belajar di tk anak anak tidak diwajibkan baca tulis karena tk itu bermain dan belajar. Itu nanti baca tulis di sd. ;1.91268e+18;;ddubbiddubidu;in;;0;1;0;https://x.com/undefined/status/1912683581853573360;1.34227e+18;;lucu waktu aku tanya guru tk dia bilang kurikulum merdeka boleh maksa anak utk mau laku sesuatu serah anak mau ajar tk anak anak wajib baca tulis tk main ajar nanti baca tulis sd
tantangan_guru_kurikulum_2.csv;1.91211e+18;Thu Apr 17 02:01:43 +0000 2025;0;@ddubbiddubidu @tanyakanrl Bener pake banget....!;1.91269e+18;;ddubbiddubidu;in;;0;0;0;https://x.com/undefined/status/1912687887629578532;8.41657e+17;;bener pake sangat
tantangan_guru_kurikulum_2.csv;1.91211e+18;Thu Apr 17 02:47:43 +0000 2025;0;@ddubbiddubidu @tanyakanrl Cung coba yg langganan remedial wkwkwk;1.9127e+18;;ddubbiddubidu;in;;0;0;0;https://x.com/undefined/status/1912699465854800143;579575294.0;;cung coba langgan remedial wkwkwk
tantangan_guru_kurikulum_2.csv;1.91211e+18;Thu Apr 17 03:19:55 +0000 2025;0;@ddubbiddubidu @tanyakanrl Belum lagi ditambah guru tk sekarang tuh gboleh ngajarin baca tulis ke anak ga sih? Denger denfer dari orang yg punya bocil gtuu;1.91271e+18;;ddubbiddubidu;in;;0;0;0;https://x.com/undefined/status/1912707569216569499;1.24821e+18;;tambah guru tk sekarang tuh gboleh ngajarin baca tulis anak sih denger denfer orang punya bocil gtuu
tantangan_guru_kurikulum_2.csv;1.91211e+18;Thu Apr 17 10:09:35 +0000 2025;0;@ddubbiddubidu @tanyakanrl Dan guru nya gak boleh sedikirpun ngomel/nyinggung hati murid nya kalo dia salah;1.91281e+18;;ddubbiddubidu;in;;0;0;0;https://x.com/undefined/status/1912810664533311677;1.47244e+18;;guru gak boleh kir ngomel nyinggung hati murid kalo dia salah
tantangan_guru_kurikulum_3.csv;1.7623e+18;Tue Feb 27 02:27:40 +0000 2024;27;@zanatul_91 Nanti ultinya: Kurikulum itu fleksibel selalu mengikuti perkembangan jaman. Sebuah keniscayaan kalo kurikulum itu berubah. Wkwkwkwk... Ngeri.;1.7623e+18;;zanatul_91;in;;0;3;5;https://x.com/undefined/status/1762303457674039582;333983745.0;;nanti ultinya kurikulum fleksibel selalu ikut kembang jaman buah niscaya kalo kurikulum ubah wkwkwkwk ngeri
tantangan_guru_kurikulum_3.csv;1.7623e+18;Tue Feb 27 02:43:39 +0000 2024;22;@zanatul_91 Padahal barusan berkedip tapi dah ada kurikulum baru aja. Ada info tentang Kurikulum Nasional inikah Mas @zanatul_91 ? https://t.co/lSb3CsFLf5;1.76231e+18;https://pbs.twimg.com/media/GHT5T0iagAA1Im6.jpg;zanatul_91;in;;22;4;6;https://x.com/undefined/status/1762307476811346184;1.46896e+18;;padahal barusan kedip tapi ada kurikulum baru ada info tentang kurikulum nasional ini mas
tantangan_guru_kurikulum_3.csv;1.7623e+18;Tue Feb 27 07:47:56 +0000 2024;2;@zanatul_91 Apakah fakta seterang ini tak pernah terlihat olrh baginda baginda di atas sana;1.76238e+18;;zanatul_91;in;;0;1;0;https://x.com/undefined/status/1762384054098547081;540590104.0;;apakah fakta terang tak pernah lihat olrh baginda baginda atas sana
tantangan_guru_kurikulum_3.csv;1.7623e+18;Tue Feb 27 04:05:25 +0000 2024;15;@zanatul_91 Berikan jabatan menteri pendidikan kepada orng yg berpengalaman dr tingkat bwah hingga pahitnya hidup jd guru supya kurikulumnya selaras dgn kehidupan grassroot pendidikan. Bukan hanya dilangit yg gilang gemilang;1.76233e+18;;zanatul_91;in;;0;0;9;https://x.com/undefined/status/1762328053391429644;243010699.0;;ikan jabat menteri didik kepada orng alam tingkat bwah hingga pahit hidup jd guru supya kurikulum selaras hidup grassroot didik bukan hanya langit gilang gemilang
tantangan_guru_kurikulum_3.csv;1.7623e+18;Tue Feb 27 05:31:33 +0000 2024;10;@zanatul_91 Apapun kurikulumnya siapapun menterinya yang ngajar tetaplah guru. Guru tanpa kurikulum pendidikan masih bisa jalan. Kurikulum tanpa guru hanya akan jadi seonggok kertas yang cuma laku dikilo;1.76235e+18;;zanatul_91;in;;0;1;0;https://x.com/undefined/status/1762349731739767145;7.77142e+17;;apa kurikulum siapa menteri ngajar tetap guru guru tanpa kurikulum didik masih bisa jalan kurikulum tanpa guru hanya onggok kertas cuma laku kilo
tantangan_guru_kurikulum_3.csv;1.7623e+18;Tue Feb 27 02:57:59 +0000 2024;6;@zanatul_91 Ganti menteri ganti kurikulum ternyata hanya mitos. Sekarang 1 menteri bisa berkali2 ganti kurikulum.;1.76231e+18;;zanatul_91;in;;0;0;0;https://x.com/undefined/status/1762311084579713478;279006326.0;;ganti menteri ganti kurikulum nyata hanya mitos sekarang menteri bisa kali ganti kurikulum
tantangan_guru_kurikulum_3.csv;1.7623e+18;Tue Feb 27 04:33:40 +0000 2024;1;@zanatul_91 mau kurikulum nya apa bebas dah yg penting jangan kebanyakan proyek;1.76234e+18;;zanatul_91;in;;0;0;0;https://x.com/undefined/status/1762335164670378114;1195656398.0;;mau kurikulum bebas penting jangan banyak proyek
tantangan_guru_kurikulum_4.csv;1.85169e+18;Wed Oct 30 18:02:34 +0000 2024;27;@zanatul_91 semoga ada angin segar pak guru terimakasih sudah menyuarakan suara guru yang paling konsisten semoga kelak tuhan membalas kebaikan njngan;1.85169e+18;;zanatul_91;in;;0;1;1;https://x.com/undefined/status/1851686147606614380;1.77688e+18;;moga ada angin segar pak guru terimakasih suara suara guru paling konsisten moga kelak tuhan balas baik njngan
tantangan_guru_kurikulum_4.csv;1.85169e+18;Wed Oct 30 18:21:19 +0000 2024;21;@zanatul_91 Baru sadar kalau ini mas @zanatul_91 https://t.co/qm9RigOvBd;1.85169e+18;https://pbs.twimg.com/media/GbKHBg7aUAE3-5V.jpg;zanatul_91;in;;0;2;1;https://x.com/undefined/status/1851690864160199149;2417576779.0;;baru sadar kalau mas
tantangan_guru_kurikulum_4.csv;1.85169e+18;Wed Oct 30 23:54:32 +0000 2024;11;@zanatul_91 Kenapa tunjangan selalu dikait-kaitkan dengan harus ini harus itu. Kalau mau mensejahterakan guru ulah loba alesan.;1.85177e+18;;zanatul_91;in;;1;1;2;https://x.com/undefined/status/1851774721723109496;1.17395e+18;;kenapa tunjang selalu kait kait harus harus kalau mau sejahtera guru ulah loba alesan
tantangan_guru_kurikulum_4.csv;1.85169e+18;Wed Oct 30 21:47:48 +0000 2024;27;@zanatul_91 Guru dituntut untuk terus berkembang menjadi bagian dari beban kerja ya Allah dipikir ngajar murid itu beban kerja nya ringan sampe sampe guru dipaksa untuk berkembang. Saya jamin maksud berkembang dari PSPK itu harus ikut seminar wkwkwk.;1.85174e+18;;zanatul_91;in;;0;1;4;https://x.com/undefined/status/1851742828533288969;1.67242e+18;;guru tuntut terus kembang jadi bagi beban kerja allah pikir ngajar murid beban kerja ringan sampe sampe guru paksa kembang saya jamin maksud kembang pspk harus ikut seminar wkwkwk
tantangan_guru_kurikulum_4.csv;1.85169e+18;Wed Oct 30 21:00:29 +0000 2024;23;@zanatul_91 https://t.co/X42x5TBlSc;1.85173e+18;https://pbs.twimg.com/media/GbKrdC-aMAASi7_.jpg;zanatul_91;qme;;1;4;3;https://x.com/undefined/status/1851730918941298937;7.50183e+17;;
tantangan_guru_kurikulum_4.csv;1.85169e+18;Wed Oct 30 18:15:52 +0000 2024;10;@zanatul_91 PSPK;1.85169e+18;;zanatul_91;in;;0;0;2;https://x.com/undefined/status/1851689492383699010;1.28273e+18;;pspk
tantangan_guru_kurikulum_4.csv;1.85169e+18;Wed Oct 30 23:31:48 +0000 2024;12;@zanatul_91 Jadi pahamkan kalo dunia pendidikan kita amburadul itu krn ada pihak pendidik yg suka akan kechaosan ini demi kepentingan pribadi atau golongan;1.85177e+18;;zanatul_91;in;;0;0;0;https://x.com/undefined/status/1851769000314966243;47227854.0;;paham kalo dunia didik kita amburadul krn ada pihak didik suka kechaosan demi penting pribadi golong
tantangan_guru_kurikulum_4.csv;1.85169e+18;Thu Oct 31 02:35:14 +0000 2024;0;@zanatul_91 Beberapa kali pernah membaca hasil kajian dari lembaga tersebut.;1.85182e+18;;zanatul_91;in;;0;0;0;https://x.com/undefined/status/1851815161436475604;470324868.0;;beberapa kali pernah baca hasil kaji lembaga sebut
tantangan_guru_kurikulum_4.csv;1.85169e+18;Thu Oct 31 03:22:46 +0000 2024;0;@zanatul_91 Kapan sih guru bisa sejahtera biar bisa ngajar dengan tenang dan fokus ?;1.85183e+18;;zanatul_91;in;;0;0;0;https://x.com/undefined/status/1851827125218869608;2176353516.0;;kapan sih guru bisa sejahtera biar bisa ngajar tenang fokus
tantangan_guru_kurikulum_4.csv;1.85169e+18;Thu Oct 31 11:56:51 +0000 2024;0;@zanatul_91 Coba dispill dikit2 pemimpin lembaganya pa paling gak jauh2 dari dari lingkaran itu...;1.85196e+18;;zanatul_91;in;;0;0;0;https://x.com/undefined/status/1851956496407630190;1.03016e+18;;coba dispill dikit pimpin lembaga pa paling gak jauh lingkar
tantangan_guru_kurikulum_4.csv;1.85169e+18;Fri Nov 01 00:07:05 +0000 2024;0;@zanatul_91 PUS#;1.85214e+18;;zanatul_91;und;;0;0;0;https://x.com/undefined/status/1852140267438281183;109606139.0;;pus
tantangan_guru_kurikulum_4.csv;1.85169e+18;Mon Nov 04 01:16:08 +0000 2024;0;@zanatul_91 PSPK ya;1.85324e+18;;zanatul_91;in;;0;0;0;https://x.com/undefined/status/1853244805972971842;223785448.0;;pspk
tantangan_guru_kurikulum_4.csv;1.85169e+18;Wed Oct 30 21:11:59 +0000 2024;1;@zanatul_91 https://t.co/x5SLtF3m2E;1.85173e+18;https://pbs.twimg.com/media/GbKuFfTa0AAqyii.png;zanatul_91;qme;;0;0;1;https://x.com/undefined/status/1851733815288565849;1.79391e+18;;
tantangan_guru_kurikulum_5.csv;1.81759e+18;Sun Jul 28 15:59:11 +0000 2024;3;@zanatul_91 Pak iman pengen nanya. Apakah kesuksesan guru itu dilihat dari seberapa byk siswa yg nilainya tuntas dalam pembelajaran? Jika byk yg dibawah standar nilainya berarti gurunya gagal tp guru tsb ga dikasih kesempatan utk menjelaskan knp memberi nilai segitu;1.81759e+18;;zanatul_91;in;;0;2;1;https://x.com/undefined/status/1817590635337036276;292287506.0;;pak iman ken nanya apakah sukses guru lihat berapa byk siswa nilai tuntas dalam ajar jika byk bawah standar nilai arti guru gagal tapi guru tsb kasih sempat utk jelas knp beri nilai segitu
tantangan_guru_kurikulum_5.csv;1.81759e+18;Sun Jul 28 22:20:10 +0000 2024;1;@zanatul_91 Altuser dah ni;1.81769e+18;;zanatul_91;de;;0;1;0;https://x.com/undefined/status/1817686512970207406;1610663785.0;;altuser ni
tantangan_guru_kurikulum_5.csv;1.81759e+18;Mon Jul 29 00:06:51 +0000 2024;5;@zanatul_91 Tambahan pak guru di hadapan siswa sama siswa tidak melihat guru honorer guru pns guru sertif .. semua guru memberi pelayanan dan pengajaran yang setara pada siswa tapi kita berbeda dihadapan slip gaji ;1.81771e+18;;zanatul_91;in;;1;2;1;https://x.com/undefined/status/1817713360085082442;233498355.0;;tambah pak guru hadap siswa sama siswa lihat guru honorer guru pns guru sertif semua guru beri layan ajar tara siswa tapi kita beda hadap slip gaji
tantangan_guru_kurikulum_5.csv;1.81759e+18;Sun Jul 28 16:26:24 +0000 2024;3;@zanatul_91 Bener sebab itulah mereka harusnya di hargai bukan begitu;1.8176e+18;;zanatul_91;in;;0;0;0;https://x.com/undefined/status/1817597483859796002;1.69144e+18;;bener sebab itu mereka harus harga bukan begitu
tantangan_guru_kurikulum_5.csv;1.81759e+18;Mon Jul 29 10:48:44 +0000 2024;2;@zanatul_91 Bener bgt pak. Jadi kadang ky lg sandiwara di dpn anak2 harus keliatan OK strong semangat pdhl hati merintih(misal honor blm cair) atau harus meyakinkan anak2 bahwa Indonesia is the best pdhl faktanya? Akhirnya perang batin deh beneran.;1.81787e+18;;zanatul_91;in;;0;0;0;https://x.com/undefined/status/1817874896141373757;1.02647e+18;;bener bgt pak kadang ky lg sandiwara dpn anak harus liat ok strong semangat pdhl hati rintih misal honor cair harus yakin anak bahwa indonesia is the best pdhl fakta akhir perang batin beneran
tantangan_guru_kurikulum_5.csv;1.81759e+18;Sun Jul 28 16:58:39 +0000 2024;1;@zanatul_91 Anak anak dipegangin hp setelah kebiasan selama covid skg malah dipake judol pak kerusakannya massive hanya dengan dimasukkan penyakit menular ya ï¸ï¸;1.81761e+18;;zanatul_91;in;;0;0;0;https://x.com/undefined/status/1817605602417451426;1.56157e+18;;anak anak dipegangin hp telah bias lama covid skg malah dipake judol pak rusa massive hanya masuk sakit tular
tantangan_guru_kurikulum_5.csv;1.81759e+18;Tue Jul 30 15:43:29 +0000 2024;1;@zanatul_91 Kesuksesan guru jaman now terletak pada penilaian kinerja PMM apakah sudah 100% atau tidak?? ;1.81831e+18;;zanatul_91;in;;0;0;0;https://x.com/undefined/status/1818311459149140100;1.28273e+18;;sukses guru jaman now letak nilai kerja pmm apakah
tantangan_guru_kurikulum_5.csv;1.81759e+18;Sun Jul 28 23:44:48 +0000 2024;0;@zanatul_91 Kalo anak sekolahan buang sampah sembarangan itu karena gurunya tak peduli dengan kebersihan mengajarkan kebersihan hanya dengan bicara atau karena apa Pak Zanatul ?;1.81771e+18;;zanatul_91;in;;0;1;0;https://x.com/undefined/status/1817707813688475873;1.28692e+18;;kalo anak sekolah buang sampah sembarang guru tak peduli bersih ajar bersih hanya bicara pak zanatul
tantangan_guru_kurikulum_5.csv;1.81759e+18;Mon Jul 29 07:16:54 +0000 2024;0;@zanatul_91 Kalau benar percuma bikin kajian kurikulum menghasilkan program sebagus apapun akan tidak di lanjutkan.seperti kepala daerah kalau berganti program2 nya gk di lanjutkan agak logis sih kenapa presiden sekarang sangat dominan promosi pak prabowo.;1.81782e+18;;zanatul_91;in;;0;0;0;https://x.com/undefined/status/1817821585228931539;1.49493e+18;;kalau benar percuma bikin kaji kurikulum hasil program bagus apa lanjut seperti kepala daerah kalau ganti program lanjut agak logis sih kenapa presiden sekarang sangat dominan promosi pak prabowo
tantangan_guru_kurikulum_5.csv;1.81759e+18;Tue Jul 30 07:22:56 +0000 2024;0;@zanatul_91 Bank Swasta seperti BCA kan lebih bagus daripada Bank plat merah. Tapi kenapa banyak sekolah swasta yg tidak lebih bagus dri sekolah negeri? Kenapa anak2 orang kaya masuk ke sekolah negeri sebaliknya anak2 kelas menengah bawah malah harus masuk swasta yg harus bayar spp?;1.81819e+18;;zanatul_91;in;;1;0;1;https://x.com/undefined/status/1818185491931709641;1409393623.0;;bank swasta seperti bca lebih bagus daripada bank plat merah tapi kenapa banyak sekolah swasta lebih bagus dri sekolah negeri kenapa anak orang kaya masuk sekolah negeri balik anak kelas tengah bawah malah harus masuk swasta harus bayar spp
tantangan_guru_kurikulum_6.csv;5.4009e+17;Wed Dec 03 10:59:49 +0000 2014;1;@WOWFAKTA kita siswa bukan robot :o;5.40098e+17;;kontenwow;in;;0;0;2;https://x.com/undefined/status/540098070566817793;2743295117.0;;kita siswa bukan robot o
tantangan_guru_kurikulum_6.csv;5.4009e+17;Wed Dec 03 10:40:54 +0000 2014;0;kurikulumnya bukan buat generasi makin cerdas yang ada makin tertekan RT @wowfakta Menurut Prof. Dr. Bambang Suhendro Ketua Tim Badan;5.40093e+17;;kontenwow;in;;0;0;2;https://x.com/undefined/status/540093313039491072;767423582.0;;kurikulum bukan buat generasi makin cerdas ada makin tekan turut prof bambang suhendro ketua tim badan
tantangan_guru_kurikulum_6.csv;5.4009e+17;Wed Dec 03 10:43:14 +0000 2014;0;@WOWFAKTA Terberat di dunia tp malah berencana utk dinaikkan lg -_- Smoga dg berganti Menteri rencana utk naikkan tngkt kesulitan UN batal;5.40094e+17;;kontenwow;in;;0;0;1;https://x.com/undefined/status/540093900275208192;383038183.0;;berat dunia tapi malah rencana utk naik lg smoga ganti menteri rencana utk naik tngkt sulit un batal
tantangan_guru_kurikulum_6.csv;5.4009e+17;Wed Dec 03 11:24:06 +0000 2014;2;@WOWFAKTA nah betul banget;5.40104e+17;;kontenwow;in;;0;0;0;https://x.com/undefined/status/540104183030882305;2890755013.0;;betul sangat
tantangan_guru_kurikulum_6.csv;5.4009e+17;Wed Dec 03 10:28:19 +0000 2014;0;@WOWFAKTA benarrR;5.4009e+17;;kontenwow;in;;0;0;0;https://x.com/undefined/status/540090143869136896;2867328194.0;;benar
tantangan_guru_kurikulum_6.csv;5.4009e+17;Wed Dec 03 10:29:56 +0000 2014;0;@WOWFAKTA tuhkan ringanin dikit dong! lama bisa kayak celuluk nih kepala;5.40091e+17;;kontenwow;in;;0;0;0;https://x.com/undefined/status/540090552973144064;780359436.0;;tuhkan ringanin dikit lama bisa kayak celuluk nih kepala
tantangan_guru_kurikulum_6.csv;5.4009e+17;Wed Dec 03 10:33:11 +0000 2014;0;@WOWFAKTA iya.. secara gak langsung pelajar indonseia itu superior kan. Kan kan...;5.40091e+17;;kontenwow;in;;0;0;0;https://x.com/undefined/status/540091368257753088;321166177.0;;cara gak langsung ajar indonseia superior
tantangan_guru_kurikulum_6.csv;5.4009e+17;Wed Dec 03 10:33:39 +0000 2014;0;@WOWFAKTA hanjirr ngangkat tas ade gw aja kirain isiny batu paving (Ë‡_Ë‡ ) ehh trnyata buku semuah ( - Ìªâ—);5.40091e+17;;kontenwow;in;;0;0;0;https://x.com/undefined/status/540091488365854720;425772240.0;;hanjirr ngangkat tas ade gw kirain isiny batu paving ehh trnyata buku semuah
tantangan_guru_kurikulum_6.csv;5.4009e+17;Wed Dec 03 10:33:46 +0000 2014;0;@WOWFAKTA setuju banget;5.40092e+17;;kontenwow;in;;0;0;0;https://x.com/undefined/status/540091516488671232;2806698038.0;;tuju sangat
tantangan_guru_kurikulum_6.csv;5.4009e+17;Wed Dec 03 10:34:11 +0000 2014;0;"@WOWFAKTA berat &amp; hasilnya sdm gak berdaya saing . Kenapa dipaksain .";5.40092e+17;;kontenwow;in;;0;0;0;https://x.com/undefined/status/540091619186208768;607071756.0;;berat amp hasil sdm gak daya saing kenapa dipaksain
tantangan_guru_kurikulum_6.csv;5.4009e+17;Wed Dec 03 10:35:06 +0000 2014;0;@WOWFAKTA bukan terberat lagi Tersusah Terrempong Terlebay ohemji hellow.;5.40092e+17;;kontenwow;in;;0;0;0;https://x.com/undefined/status/540091850149724160;553916665.0;;bukan berat susah terrempong terlebay ohemji hellow
tantangan_guru_kurikulum_6.csv;5.4009e+17;Wed Dec 03 10:36:04 +0000 2014;0;@WOWFAKTA wis ngerti berat dilakoni -_- tololz sekaleeeee !;5.40092e+17;;kontenwow;in;;0;0;0;https://x.com/undefined/status/540092093318696960;2219629538.0;;wis ngerti berat lakon tololz sekale
tantangan_guru_kurikulum_6.csv;5.4009e+17;Wed Dec 03 10:36:40 +0000 2014;0;@WOWFAKTA Pantesss kepala pusing meluluuuuu;5.40092e+17;;kontenwow;in;;0;0;0;https://x.com/undefined/status/540092245722923008;1272213672.0;;pantes kepala pusing melulu
tantangan_guru_kurikulum_6.csv;5.4009e+17;Wed Dec 03 10:43:57 +0000 2014;0;@WOWFAKTA oalahaha poor it.;5.40094e+17;;kontenwow;in;;0;0;0;https://x.com/undefined/status/540094078596022272;770930167.0;;oalahaha poor it
tantangan_guru_kurikulum_6.csv;5.4009e+17;Wed Dec 03 10:44:22 +0000 2014;0;@WOWFAKTA noh!;5.40094e+17;;kontenwow;und;;0;0;0;https://x.com/undefined/status/540094183042609152;2411976866.0;;noh
tantangan_guru_kurikulum_6.csv;5.4009e+17;Wed Dec 03 10:47:09 +0000 2014;0;@WOWFAKTA ya jadinya siswa jadi nyontek mulu..;5.40095e+17;;kontenwow;in;;0;0;0;https://x.com/undefined/status/540094881993998336;1288806127.0;;jadi siswa nyontek mulu
tantangan_guru_kurikulum_6.csv;5.4009e+17;Wed Dec 03 10:48:34 +0000 2014;0;@WOWFAKTA nahhh.. udah tau berat masih bae di pake -_-;5.40095e+17;;kontenwow;in;;0;0;0;https://x.com/undefined/status/540095238677594112;1704488100.0;;tau berat masih bae pake
tantangan_guru_kurikulum_6.csv;5.4009e+17;Wed Dec 03 10:49:46 +0000 2014;0;@WOWFAKTA namanya aja indonesia apa yg enggk berat?;5.40096e+17;;kontenwow;in;;0;0;0;https://x.com/undefined/status/540095541141843968;1064573108.0;;nama indonesia enggk berat
tantangan_guru_kurikulum_6.csv;5.4009e+17;Wed Dec 03 11:02:10 +0000 2014;0;"Baguus.. tingkatkan! @WOWFAKTA Menurut Prof. Dr. Bambang Suhendro Ketua Tim Badan Standar Nasional Pendidikan (BSNP); Kurikulum Indonesia a";5.40099e+17;;kontenwow;in;;0;0;0;https://x.com/undefined/status/540098662605406209;1677321450.0;;baguus tingkat turut prof bambang suhendro ketua tim badan standar nasional didik bsnp kurikulum indonesia a
tantangan_guru_kurikulum_6.csv;5.4009e+17;Wed Dec 03 11:03:45 +0000 2014;0;@WOWFAKTA cc: @Kemdikbud_RI;5.40099e+17;;kontenwow;und;;0;0;0;https://x.com/undefined/status/540099059956998146;601867405.0;;cc
tantangan_guru_kurikulum_6.csv;5.4009e+17;Wed Dec 03 11:04:42 +0000 2014;0;@wowfakta to mentri pendidikan : waktu kami terlalu sia2 karna terlalu bnyak belajar. bukan nya makin pinter yg ada malah depresi;5.40099e+17;;kontenwow;in;;0;0;0;https://x.com/undefined/status/540099299774717952;2617242834.0;;to tri didik waktu kami terlalu sia karna terlalu bnyak ajar bukan makin pinter ada malah depresi
tantangan_guru_kurikulum_6.csv;5.4009e+17;Wed Dec 03 11:05:34 +0000 2014;0;@WOWFAKTA terlalu dipaksakan dan hsilnya pun gak memuaskan...;5.401e+17;;kontenwow;in;;0;0;0;https://x.com/undefined/status/540099520466411520;1915697772.0;;terlalu paksa hsilnya gak muas
tantangan_guru_kurikulum_6.csv;5.4009e+17;Wed Dec 03 11:06:25 +0000 2014;0;"@wowfakta 24 jam. 9 jam u/ sklah 6/7 jam u/ tidur &amp; waktu luang lain nya u/ mengerjakan tugas sukur2 kalo ga ekskul nah kalo ekskul?";5.401e+17;;kontenwow;in;;0;0;0;https://x.com/undefined/status/540099731775438849;2617242834.0;;jam jam u sklah jam u tidur amp waktu luang lain u kerja tugas sukur kalo ekskul kalo ekskul
tantangan_guru_kurikulum_6.csv;5.4009e+17;Wed Dec 03 11:07:13 +0000 2014;0;@WOWFAKTA nahh cakepp !! Makin pinter engga makin stres iyaa.;5.401e+17;;kontenwow;in;;0;0;0;https://x.com/undefined/status/540099932019896322;1631453952.0;;nahh cakepp makin pinter engga makin stres iyaa
tantangan_guru_kurikulum_6.csv;5.4009e+17;Wed Dec 03 11:39:01 +0000 2014;0;@WOWFAKTA bangga dong jadi pelajar Indonesia :D padahal hidup bukan hanya fokus untuk sekolah....;5.40108e+17;;kontenwow;in;;0;0;0;https://x.com/undefined/status/540107935687262208;522649320.0;;bangga ajar indonesia d padahal hidup bukan hanya fokus sekolah
tantangan_guru_kurikulum_6.csv;5.4009e+17;Wed Dec 03 11:59:09 +0000 2014;0;@WOWFAKTA wah iya tuh Pr aja sampe numpuk;5.40113e+17;;kontenwow;in;;0;0;0;https://x.com/undefined/status/540113003035643905;2617435141.0;;wah tuh pr sampe numpuk
tantangan_guru_kurikulum_6.csv;5.4009e+17;Wed Dec 03 12:06:27 +0000 2014;0;@WOWFAKTA See ;5.40115e+17;;kontenwow;und;;0;0;0;https://x.com/undefined/status/540114841189351424;435685967.0;;see
tantangan_guru_kurikulum_6.csv;5.4009e+17;Wed Dec 03 12:25:12 +0000 2014;0;@WOWFAKTA Itulah Indonesia :v;5.4012e+17;;kontenwow;in;;0;0;0;https://x.com/undefined/status/540119557214457856;1641988327.0;;itu indonesia v
tantangan_guru_kurikulum_6.csv;5.4009e+17;Wed Dec 03 13:31:27 +0000 2014;0;@WOWFAKTA Aneh senang sekali mempersulit keadaan mbok ya smua dibuat mudah dong pa...bu...;5.40136e+17;;kontenwow;in;;0;0;0;https://x.com/undefined/status/540136231410339840;1519447417.0;;aneh senang sekali sulit ada mbok smua buat mudah pa bu
tantangan_guru_kurikulum_6.csv;5.4009e+17;Wed Dec 03 15:28:46 +0000 2014;0;@WOWFAKTA LIHAT!!!!;5.40166e+17;;kontenwow;in;;0;0;0;https://x.com/undefined/status/540165756764188674;1622560562.0;;lihat
tantangan_guru_kurikulum_6.csv;5.4009e+17;Wed Dec 03 16:45:38 +0000 2014;0;@WOWFAKTA mangkane di hapus ae ;5.40185e+17;;kontenwow;in;;0;0;0;https://x.com/undefined/status/540185098012741632;1663930868.0;;mangkane hapus ae
tantangan_guru_kurikulum_6.csv;5.4009e+17;Wed Dec 03 18:03:21 +0000 2014;0;@WOWFAKTA soalnya anak indonesia kelihatan lebih malas dibanding anak negara lain mungkin;5.40205e+17;;kontenwow;in;;0;0;0;https://x.com/undefined/status/540204655876116482;2469767238.0;;soal anak indonesia lihat lebih malas banding anak negara lain mungkin
tantangan_guru_kurikulum_6.csv;5.4009e+17;Thu Dec 04 10:53:35 +0000 2014;0;@WOWFAKTA jadi pantes buat para kalian pelajar buat mengeluh.;5.40459e+17;;kontenwow;in;;0;0;0;https://x.com/undefined/status/540458889431363585;2902799635.0;;pantes buat para kalian ajar buat keluh
tantangan_guru_kurikulum_7.csv;1.76125e+18;Sat Feb 24 04:58:56 +0000 2024;1;@detikcom @detik_edu benar syekali;1.76125e+18;;detikcom;in;;0;0;0;https://x.com/undefined/status/1761254358669480230;1.67104e+18;;benar syekali
tantangan_guru_kurikulum_7.csv;1.76125e+18;Sat Feb 24 18:40:59 +0000 2024;1;@detikcom @detik_edu Betul;1.76146e+18;;detikcom;en;;0;0;0;https://x.com/undefined/status/1761461235944730880;1.71864e+18;;betul
tantangan_guru_kurikulum_7.csv;1.76125e+18;Sat Feb 24 04:41:12 +0000 2024;0;@detikcom @detik_edu Penerintah harus segera memberdayakan teknologi pendidikan sehingga dpt mengatasi problem pendidikan di sekolah2 khususnya kasus perundungan/bullying;1.76125e+18;;detikcom;in;;0;0;0;https://x.com/undefined/status/1761249895464550719;1.70328e+18;;terin harus segera daya teknologi didik sehingga dpt atas problem didik sekolah khusus kasus rundung bullying
tantangan_guru_kurikulum_7.csv;1.76125e+18;Sat Feb 24 04:53:41 +0000 2024;0;@detikcom @detik_edu Ada ada saja norak;1.76125e+18;;detikcom;in;;0;0;0;https://x.com/undefined/status/1761253037824500073;1.63506e+18;;ada ada norak
tantangan_guru_kurikulum_7.csv;1.76125e+18;Sat Feb 24 04:57:42 +0000 2024;0;@detikcom @detik_edu Teknologi pendidikan masudnya alumni s1 s2 s3 teknologi pendidikan yg manpu mengatasi problem2 pendidikan senua jenjang pendidikan;1.76125e+18;;detikcom;in;;0;0;0;https://x.com/undefined/status/1761254050174238981;1.70328e+18;;teknologi didik masudnya alumni s s s teknologi didik manpu atas problem didik senua jenjang didik
tantangan_guru_kurikulum_8.csv;6.52284e+17;Fri Oct 09 17:32:45 +0000 2015;1;@WOWFAKTA terberat tapi gk ada hasilnya...percuma !!!!!;6.52537e+17;;kontenwow;in;;0;0;1;https://x.com/undefined/status/652537193714417664;1567363296.0;;berat tapi ada hasil percuma
tantangan_guru_kurikulum_8.csv;6.52284e+17;Fri Oct 09 00:51:28 +0000 2015;1;@WOWFAKTA Woooww... sungguh mengejutkan..;6.52285e+17;;kontenwow;in;;0;0;0;https://x.com/undefined/status/652285213070917633;2940560568.0;;woww sungguh kejut
tantangan_guru_kurikulum_8.csv;6.52284e+17;Fri Oct 09 00:54:03 +0000 2015;1;@wowfakta bukan berat lagi berat bgt malah;6.52286e+17;;kontenwow;in;;0;0;0;https://x.com/undefined/status/652285864752582657;2434704210.0;;bukan berat berat bgt malah
tantangan_guru_kurikulum_8.csv;6.52284e+17;Fri Oct 09 01:26:28 +0000 2015;1;@WOWFAKTA peka woiii indonesiaaaa;6.52294e+17;;kontenwow;in;;0;0;0;https://x.com/undefined/status/652294021381918720;2436749456.0;;peka woi indonesia
tantangan_guru_kurikulum_8.csv;6.52284e+17;Fri Oct 09 07:45:32 +0000 2015;1;@WOWFAKTA kok baru tau sekarang sih ?;6.52389e+17;;kontenwow;in;;0;0;0;https://x.com/undefined/status/652389417730994177;353487296.0;;baru tau sekarang sih
tantangan_guru_kurikulum_8.csv;6.52284e+17;Fri Oct 09 12:08:52 +0000 2015;1;@WOWFAKTA tapi yang nganggur yang miskin banyak aja min.-.;6.52456e+17;;kontenwow;in;;0;0;0;https://x.com/undefined/status/652455688241725440;2401558770.0;;tapi nganggur miskin banyak min
tantangan_guru_kurikulum_8.csv;6.52284e+17;Sun Oct 11 06:43:51 +0000 2015;1;@WOWFAKTA BENAR ITU!;6.53099e+17;;kontenwow;in;;0;0;0;https://x.com/undefined/status/653098669189632000;1596762042.0;;benar
tantangan_guru_kurikulum_8.csv;6.52284e+17;Sun Oct 11 06:44:32 +0000 2015;1;@WOWFAKTA KITA TAK PUNYA WAKTU BERKREASI KARENANYA !!!;6.53099e+17;;kontenwow;in;;0;0;0;https://x.com/undefined/status/653098839910408192;1596762042.0;;kita tak punya waktu kreasi karena
tantangan_guru_kurikulum_9.csv;1.84822e+18;Mon Oct 21 12:26:47 +0000 2024;1;@Hasta__Asta @elisa_jkt saya juga ngajar les kelas 6 faktanya emg banyak siswa yg blm hapal perkalian/gabisa ngerjain soal pembagian;1.84834e+18;;Hasta__Asta;in;;0;0;1;https://x.com/undefined/status/1848340153431146895;1.2659e+18;;saya ngajar les kelas fakta emg banyak siswa hapal kali gabisa ngerjain soal bagi
tantangan_guru_kurikulum_9.csv;1.84822e+18;Mon Oct 21 14:17:52 +0000 2024;1;@Hasta__Asta @elisa_jkt Aku guru Les fisika pusing bgt hrs ajarin basic math pecahan pindah ruas perkalian pdhl harusnya tinggal jelasin fisikanya aja ;1.84837e+18;;Hasta__Asta;in;;0;1;1;https://x.com/undefined/status/1848368107955593450;73162065.0;;aku guru les fisika pusing bgt hrs ajarin basic math pecah pindah ruas kali pdhl harus tinggal jelasin fisika
tantangan_guru_kurikulum_9.csv;1.84822e+18;Mon Oct 21 10:40:58 +0000 2024;1;@Hasta__Asta @elisa_jkt Sodara sepupu suamiku kelas 4sd gak bisa nyebutin urutan bulan dari januari-desember;1.84831e+18;;Hasta__Asta;in;;0;1;0;https://x.com/undefined/status/1848313521601454565;1.6076e+18;;sodara sepupu suami kelas sd gak bisa nyebutin urut bulan januari desember
tantangan_guru_kurikulum_9.csv;1.84822e+18;Mon Oct 21 13:53:19 +0000 2024;1;@Hasta__Asta @elisa_jkt ka ini benerr aku ikut kampus mengajar d sd. anak2nya pada ga bisa pertambahan apalagi perkalian. ini aku masih ngajar d daerah kota bandung apalagi yg d pelosok2 gimana susahnyaaa.. miris bgt liat pendidikan skrgg;1.84836e+18;;Hasta__Asta;in;;0;0;0;https://x.com/undefined/status/1848361929594765355;1.61601e+18;;ka benerr aku ikut kampus ajar d sd anak bisa tambah apalagi kali aku masih ngajar d daerah kota bandung apalagi d pelosok gimana susah miris bgt liat didik skrgg
tantangan_guru_kurikulum_9.csv;1.84822e+18;Tue Oct 22 10:11:45 +0000 2024;1;@Hasta__Asta @elisa_jkt Bukan gagal kak tapi emang kurikulum nadiem belum pantas untuk diterapkan di Indo dengan SDM yg seperti ini. Sedangkan di luar kurikulum seperti ini bagus karena SDM yg mumpuni. Ga bisa nyalahin guru full tapi peran ortu penting juga skrg apalagi pengaruh teknologi;1.84867e+18;;Hasta__Asta;in;;0;0;0;https://x.com/undefined/status/1848668558953447793;1.4304e+18;;bukan gagal kak tapi emang kurikulum nadiem pantas terap indo sdm seperti sedang luar kurikulum seperti bagus sdm mumpuni bisa nyalahin guru full tapi peran ortu penting skrg apalagi pengaruh teknologi
tantangan_guru_kurikulum_9.csv;1.84822e+18;Mon Oct 21 07:26:05 +0000 2024;0;@Hasta__Asta @elisa_jkt istiqfar T_________________T serem amaaattttt;1.84826e+18;;Hasta__Asta;en;;0;0;0;https://x.com/undefined/status/1848264477374124072;36536604.0;;istiqfar t t rem amat
tantangan_guru_kurikulum_9.csv;1.84822e+18;Mon Oct 21 09:14:05 +0000 2024;0;@Hasta__Asta @elisa_jkt Hoax..;1.84829e+18;;Hasta__Asta;es;;0;3;0;https://x.com/undefined/status/1848291657407660197;1.54028e+18;;hoax
tantangan_guru_kurikulum_9.csv;1.84822e+18;Mon Oct 21 09:19:25 +0000 2024;0;@Hasta__Asta @elisa_jkt Salah satu anak gw punn ada yg blom bisa pembagiann dan ga hapal perkalian miriss bgtt ya Allahh mau ngajarin ke hal lain pun mandegg karena yg paling dasarnya blum bisa semangattt para side jobnya guru les ;1.84829e+18;;Hasta__Asta;in;;0;0;0;https://x.com/undefined/status/1848292999215849759;1.25395e+18;;salah satu anak gw punn ada blom bisa pembagiann hapal kali miriss bgtt allahh mau ngajarin hal lain mandegg paling dasar blum bisa semangat para side jobnya guru les
tantangan_guru_kurikulum_9.csv;1.84822e+18;Mon Oct 21 09:46:29 +0000 2024;0;@Hasta__Asta @elisa_jkt aku juga guru les dapet murid kelas 1 belum bisa baca dan tulis jadinya buku catatan ngga pernah lengkap selalu ketinggalan di sekolah mana sekarang sekolah negeri ga dapet lks jadinya agak susah ngajarinnya;1.8483e+18;;Hasta__Asta;in;;0;1;0;https://x.com/undefined/status/1848299810862018638;4915761818.0;;aku guru les dapet murid kelas bisa baca tulis jadi buku catat ngga pernah lengkap selalu tinggal sekolah mana sekarang sekolah negeri dapet lks jadi agak susah ngajarinnya
tantangan_guru_kurikulum_9.csv;1.84822e+18;Mon Oct 21 10:48:27 +0000 2024;0;@Hasta__Asta @elisa_jkt Kurimulum merdwka baru tiga tahun berjalan nah anak kelas 5 itu saat kelas 1 yah pas covid learning loss...kok.disalahin kirikjlumnya? Dasar;1.84832e+18;;Hasta__Asta;in;;0;1;0;https://x.com/undefined/status/1848315405389246882;1.46932e+18;;kurimulum merdwka baru tiga tahun jalan anak kelas saat kelas yah pas covid learning loss disalahin kirikjlumnya dasar
tantangan_guru_kurikulum_9.csv;1.84822e+18;Mon Oct 21 11:10:20 +0000 2024;0;@Hasta__Asta @elisa_jkt 6 taun sekolah sd boro boro buat perkalian pembagian penjumlahan pengurangan ke bawah pake garis aja ga bisa ;1.84832e+18;;Hasta__Asta;in;;0;0;0;https://x.com/undefined/status/1848320914980761816;9.62306e+17;;taun sekolah sd boro boro buat kali bagi jumlah kurang bawah pake garis bisa
tantangan_guru_kurikulum_9.csv;1.84822e+18;Mon Oct 21 11:13:46 +0000 2024;0;@Hasta__Asta @elisa_jkt Enggak juga bagus2 aja kurikulum merdeka njir smp kelas 3 gabisa perkalian ya dasarnya emng goblok aja;1.84832e+18;;Hasta__Asta;in;;0;1;0;https://x.com/undefined/status/1848321777082187941;1.32426e+18;;enggak bagus kurikulum merdeka njir smp kelas gabisa kali dasar emng goblok
tantangan_guru_kurikulum_9.csv;1.84822e+18;Mon Oct 21 11:42:40 +0000 2024;0;@Hasta__Asta @elisa_jkt Yaampun :((;1.84833e+18;;Hasta__Asta;in;;0;0;0;https://x.com/undefined/status/1848329049179042273;309490627.0;;yaampun
tantangan_guru_kurikulum_9.csv;1.84822e+18;Mon Oct 21 11:44:50 +0000 2024;0;@Hasta__Asta @elisa_jkt Sekarang apa si nama kurikulum dia? Terakhir ngerasain K13.;1.84833e+18;;Hasta__Asta;in;;0;1;0;https://x.com/undefined/status/1848329594711245311;602814554.0;;sekarang nama kurikulum dia akhir ngerasain k
tantangan_guru_kurikulum_9.csv;1.84822e+18;Mon Oct 21 12:45:55 +0000 2024;0;@Hasta__Asta @elisa_jkt Anak kelas 12 aja gk hapal perkalian pembagian makin gk bisa perkalian sederhana aja ngitungnya di kalkulator giliran suruh belajar banyak banget alasannya;1.84834e+18;;Hasta__Asta;in;;1;0;0;https://x.com/undefined/status/1848344968194400680;1.687e+18;;anak kelas hapal kali bagi makin bisa kali sederhana ngitungnya kalkulator gilir suruh ajar banyak sangat alas
tantangan_guru_kurikulum_9.csv;1.84822e+18;Mon Oct 21 12:46:32 +0000 2024;0;@Hasta__Asta @elisa_jkt Jaman saya kelas 5 sd udah diluar kepala yg kaya gitu.kelas 6 sd udah belajar rumus hitung luasan dalil phitagoras dll;1.84835e+18;;Hasta__Asta;in;;0;0;0;https://x.com/undefined/status/1848345122087542914;1.67232e+18;;jaman saya kelas sd luar kepala kaya begitu kelas sd ajar rumus hitung luas dalil phitagoras dll
tantangan_guru_kurikulum_9.csv;1.84822e+18;Mon Oct 21 15:22:24 +0000 2024;0;@Hasta__Asta @elisa_jkt peran ortu dirumah juga penting bgt buat pendidikan anak tp guru2 bener2 nyebelin bgt masa adikku dari kls 1-5sd tiap hari plg krmh bawa pr bener2 banyakkk! udah gitu apa apa harus laporan di grup wa ortu udah kek ortunya kurang kerjaan aja lengah dikit ada aja info yg kelewat;1.84838e+18;;Hasta__Asta;in;;0;0;0;https://x.com/undefined/status/1848384348636184689;1.27088e+18;;peran ortu rumah penting bgt buat didik anak tapi guru bener nyebelin bgt masa adik kls sd tiap hari plg krmh bawa pr bener banyak begitu harus lapor grup wa ortu kek ortunya kurang kerja lengah dikit ada info lewat
tantangan_guru_kurikulum_9.csv;1.84822e+18;Mon Oct 21 15:39:14 +0000 2024;0;@Hasta__Asta @elisa_jkt serem bgt baca replynyaa ;1.84839e+18;;Hasta__Asta;in;;0;0;0;https://x.com/undefined/status/1848388585667637344;155500542.0;;rem bgt baca replynyaa
tantangan_guru_kurikulum_9.csv;1.84822e+18;Mon Oct 21 16:06:13 +0000 2024;0;@Hasta__Asta @elisa_jkt Sbenernya ini efek domino dari hilangnya sistem ga naik kelas dan ga lulus. Udah dari jaman K13 ada ga denger lagi ada anak yg bener2 ga naik kelas/ga lulus (kecuali dia beneran ga berangkat ujian).;1.8484e+18;;Hasta__Asta;in;;0;0;0;https://x.com/undefined/status/1848395376245821920;1.02214e+18;;sbenernya efek domino hilang sistem naik kelas lulus jaman k ada denger ada anak bener naik kelas lulus kecuali dia beneran berangkat uji
tantangan_guru_kurikulum_9.csv;1.84822e+18;Tue Oct 22 01:18:04 +0000 2024;0;@Hasta__Asta @elisa_jkt k13 terbaik sih;1.84853e+18;;Hasta__Asta;in;;0;0;0;https://x.com/undefined/status/1848534251635142730;195670374.0;;k baik sih
tantangan_guru_kurikulum_9.csv;1.84822e+18;Tue Oct 22 03:23:02 +0000 2024;0;@Hasta__Asta @elisa_jkt Setujuuu basic yang seharusnya di kuasai anak dari dasarnya aja gak bisa di dapet anak. Kreativitas muncul karena proyek tetapi basic nya noll;1.84857e+18;;Hasta__Asta;in;;0;0;0;https://x.com/undefined/status/1848565699595456516;1.23261e+18;;tuju basic harus kuasa anak dasar gak bisa dapet anak kreativitas muncul proyek tetapi basic noll
tantangan_guru_kurikulum_9.csv;1.84822e+18;Tue Oct 22 03:32:51 +0000 2024;0;@Hasta__Asta @elisa_jkt Tetangga sy smp penjumlahan dan pengurangan ajh msh menggunakan jari miriss bgtt;1.84857e+18;;Hasta__Asta;in;;0;0;0;https://x.com/undefined/status/1848568170728329503;1.6286e+18;;tetangga sy smp jumlah kurang ajh msh guna jari miriss bgtt
tantangan_guru_kurikulum_9.csv;1.84822e+18;Tue Oct 22 15:49:21 +0000 2024;0;@Hasta__Asta @elisa_jkt Gue dlu pas sd kls 3 klo mau pulang hrus jwb quiz perkalian dlu bru boleh tu keluar kelas yg bener jwbnya ini baca komen ad yg gbsa perkalian di kls 2 smp tuu gmnn woii;1.84875e+18;;Hasta__Asta;in;;0;0;0;https://x.com/undefined/status/1848753517152112903;1.81411e+18;;saya dlu pas sd kls kalau mau pulang hrus jwb quiz kali dlu bru boleh tu keluar kelas bener jwbnya baca komen ad gbsa kali kls smp tuu gmnn woii
tantangan_guru_kurikulum_9.csv;1.84822e+18;Tue Oct 22 22:58:32 +0000 2024;0;@Hasta__Asta @elisa_jkt tapi knp menyalahkan kurikulum? Bukannya faktor orang tua dan gru jga pnting? Kalo kurikulum gagal berarti semua anak ga bisa perkalian dong ini kan hanya bbrapa individu sja. Kemauan dri diri sendiri untuk bisa jga penting klo ga ada kemauan dri diri untuk belajar ya gimana?;1.84886e+18;;Hasta__Asta;in;;0;1;0;https://x.com/undefined/status/1848861526343750143;1.11014e+18;;tapi knp salah kurikulum bukan faktor orang tua gru jga pnting kalo kurikulum gagal arti semua anak bisa kali hanya bbrapa individu sja mau dri diri sendiri bisa jga penting kalau ada mau dri diri ajar gimana
tantangan_guru_kurikulum_9.csv;1.84822e+18;Wed Oct 23 00:35:35 +0000 2024;0;@Hasta__Asta @elisa_jkt aku ngajar les anak kelas 4 dia pengurangan masih belum bisa juga;1.84889e+18;;Hasta__Asta;in;;0;0;0;https://x.com/undefined/status/1848885948429570093;1.66562e+18;;aku ngajar les anak kelas dia kurang masih bisa
tantangan_guru_kurikulum_9.csv;1.84822e+18;Wed Oct 23 01:59:14 +0000 2024;0;@Hasta__Asta @elisa_jkt merdeka bgt ;1.84891e+18;;Hasta__Asta;in;;0;0;0;https://x.com/undefined/status/1848906998450176179;1.08321e+18;;merdeka bgt
tantangan_guru_kurikulum_9.csv;1.84822e+18;Wed Oct 23 03:15:52 +0000 2024;0;@Hasta__Asta @elisa_jkt as orang yang bergelut sampingan jadi guru les juga gue mengakui hal ini beneran ada. anak smp penjumlahan aja bener-bener menghitung pake jari itu pun 2 sampe 3 kali duluu sesimpel 9 + 6 wkwk;1.84893e+18;;Hasta__Asta;in;;0;0;0;https://x.com/undefined/status/1848926284614930738;1.24423e+18;;as orang gelut samping guru les saya aku hal beneran ada anak smp jumlah bener bener hitung pake jari sampe kali duluu simpel
tantangan_guru_kurikulum_9.csv;1.84822e+18;Thu Oct 24 23:03:04 +0000 2024;0;"@Hasta__Asta @elisa_jkt Memang bermasalah sejak dulu .. dia dibanggakan krn punya perusahaan dg pendanaan gede: unicorn Pdhl hingga bertahun-tahun sejak berdiri itu perusahaan msh bakar duit. Laba minus. Sdh listing d BEI &amp; merger dg sesama unicorn pun msh minus Disuruh urus pendidikan ya kacau";1.84959e+18;;Hasta__Asta;in;;0;0;0;https://x.com/undefined/status/1849587440086142980;1.56338e+18;;memang masalah sejak dulu dia bangga krn punya usaha dana gede unicorn pdhl hingga tahun tahun sejak diri usaha msh bakar duit laba minus listing d bei amp merger sama unicorn msh minus suruh urus didik kacau
tantangan_guru_kurikulum_9.csv;1.84822e+18;Mon Oct 21 14:02:37 +0000 2024;1;"@Hasta__Asta @elisa_jkt Sejujurnya kita belum cocok niru Finlandia. Karena kita bukan negara yang rakyatnya sadar pentingnya pendidikan. Aku setuju balik ke sistem UN tidak naik kelas dan rapor merah. Ya setidaknya sebagai orang yang pernah merasakan UN dan rapor merah aku bisa bedain tanjung &amp; selat";1.84836e+18;;Hasta__Asta;in;;0;1;0;https://x.com/undefined/status/1848364268519125418;1.71151e+18;;jujur kita cocok niru finlandia kita bukan negara rakyat sadar penting didik aku tuju balik sistem un naik kelas rapor merah tidak bagai orang pernah rasa un rapor merah aku bisa bedain tanjung amp selat
